Block Height,Timestamp,Address,Algorithm,Difficulty
3413330,2025-07-29 03:50:15,Unknown,Stake,91694685.07767169
3413331,2025-07-29 03:50:20,Unknown,Stake,89873156.04925627
3413332,2025-07-29 03:50:08,bv1qjx2g5rnhx8wa92sy3fem2a030wt64x0ttrxu3n,ProgPoW,21.30047877628286
3413333,2025-07-29 03:50:25,bv1qzggn4kvtxdxhzr3yueamu2lqrtvxytaeye8mcm,ProgPoW,20.60765520265614
3413334,2025-07-29 03:50:51,bv1qmce5q6xy8rk8evnzxz9guvuspzsr074ushd26z,RandomX,0.02912693851809283
3413335,2025-07-29 03:51:08,bv1qf85ldqmp5z3z8x659834z4nlhyx6r0c7qalgt3,ProgPoW,22.0415949550023
3413336,2025-07-29 03:54:34,bv1qf85ldqmp5z3z8x659834z4nlhyx6r0c7qalgt3,ProgPoW,22.44658604232978
3413337,2025-07-29 03:58:14,Unknown,Stake,91728392.37097457
3413338,2025-07-29 03:59:28,Unknown,Stake,91781453.82728094
3413339,2025-07-29 03:59:36,Unknown,Stake,91834726.52044229
3413340,2025-07-29 03:59:22,bv1qzggn4kvtxdxhzr3yueamu2lqrtvxytaeye8mcm,ProgPoW,21.89391922577008
3413341,2025-07-29 04:01:16,bv1qg7jqg468qsplnnngwpc8ur29mmkdh3kfsgaqvy,ProgPoW,21.53034300791557
3413342,2025-07-29 04:01:02,bv1qzggn4kvtxdxhzr3yueamu2lqrtvxytaeye8mcm,ProgPoW,22.08584498930393
3413343,2025-07-29 04:01:43,Unknown,Stake,94045916.47630882
3413344,2025-07-29 04:01:29,VHU81LE2bTUe5AWSHSrDHcocqRWCK4dCRo,RandomX,0.02532965070707352
3413345,2025-07-29 04:02:18,bv1qjx2g5rnhx8wa92sy3fem2a030wt64x0ttrxu3n,ProgPoW,22.06614994285173
3413346,2025-07-29 04:03:00,VGFf24bPSfe4ETQftBSbzBKsV5wWKt35Hf,SHA256D,14.19840234798482
3413347,2025-07-29 04:04:19,Unknown,Stake,91905853.05135052
3413348,2025-07-29 04:07:48,VGFf24bPSfe4ETQftBSbzBKsV5wWKt35Hf,SHA256D,15.08887681719904
3413349,2025-07-29 04:12:24,Unknown,Stake,91958459.11338238
3413350,2025-07-29 04:12:53,Unknown,Stake,92010944.96530353
3413351,2025-07-29 04:14:03,Unknown,Stake,93341451.98163486
3413352,2025-07-29 04:13:49,bv1qjx2g5rnhx8wa92sy3fem2a030wt64x0ttrxu3n,ProgPoW,21.08344297956245
3413353,2025-07-29 04:14:51,Unknown,Stake,94175998.55973002
3413354,2025-07-29 04:15:38,Unknown,Stake,93787202.40898612
3413355,2025-07-29 04:15:30,bv1qmce5q6xy8rk8evnzxz9guvuspzsr074ushd26z,RandomX,0.02481413536738438
3413356,2025-07-29 04:15:34,bv1qjx2g5rnhx8wa92sy3fem2a030wt64x0ttrxu3n,ProgPoW,22.05185095610387
3413357,2025-07-29 04:16:17,bv1qjx2g5rnhx8wa92sy3fem2a030wt64x0ttrxu3n,ProgPoW,22.07526687886272
3413358,2025-07-29 04:18:05,bv1qzggn4kvtxdxhzr3yueamu2lqrtvxytaeye8mcm,ProgPoW,22.09951854364392
3413359,2025-07-29 04:18:38,bv1qjx2g5rnhx8wa92sy3fem2a030wt64x0ttrxu3n,ProgPoW,22.08910183235837
3413360,2025-07-29 04:20:56,Unknown,Stake,92238140.67318244
3413361,2025-07-29 04:21:50,bv1qjx2g5rnhx8wa92sy3fem2a030wt64x0ttrxu3n,ProgPoW,22.07346612266808
3413362,2025-07-29 04:22:16,Unknown,Stake,92255191.57265435
3413363,2025-07-29 04:24:23,Unknown,Stake,94456925.7539421
3413364,2025-07-29 04:27:35,Unknown,Stake,92289887.23504797
3413365,2025-07-29 04:30:28,Unknown,Stake,92342661.32150699
3413366,2025-07-29 04:30:54,Unknown,Stake,91432776.34524454
3413367,2025-07-29 04:31:26,Unknown,Stake,92402502.49524562
3413368,2025-07-29 04:31:55,Unknown,Stake,92400561.1393864
3413369,2025-07-29 04:31:55,bv1qjx2g5rnhx8wa92sy3fem2a030wt64x0ttrxu3n,ProgPoW,19.99508970817135
3413370,2025-07-29 04:36:25,Unknown,Stake,92452459.78502153
3413371,2025-07-29 04:36:11,VHU81LE2bTUe5AWSHSrDHcocqRWCK4dCRo,RandomX,0.02437295474146668
3413372,2025-07-29 04:36:19,bv1qmce5q6xy8rk8evnzxz9guvuspzsr074ushd26z,RandomX,0.02412204018683677
3413373,2025-07-29 04:40:25,bv1qzggn4kvtxdxhzr3yueamu2lqrtvxytaeye8mcm,ProgPoW,19.79383778618074
3413374,2025-07-29 04:44:54,Unknown,Stake,90068600.62122129
3413375,2025-07-29 04:45:56,Unknown,Stake,88217901.08641867
3413376,2025-07-29 04:45:41,bv1qjx2g5rnhx8wa92sy3fem2a030wt64x0ttrxu3n,ProgPoW,20.08940086095927
3413377,2025-07-29 04:48:07,Unknown,Stake,92428293.86634494
3413378,2025-07-29 04:51:32,Unknown,Stake,88068324.90470578
3413379,2025-07-29 04:52:00,bv1qg7jqg468qsplnnngwpc8ur29mmkdh3kfsgaqvy,ProgPoW,20.69510147741444
3413380,2025-07-29 04:52:50,VGFf24bPSfe4ETQftBSbzBKsV5wWKt35Hf,SHA256D,14.71793553639401
3413381,2025-07-29 04:56:11,Unknown,Stake,87124095.19812968
3413382,2025-07-29 04:56:07,Unknown,Stake,85854227.74492508
3413383,2025-07-29 04:56:04,bv1qf85ldqmp5z3z8x659834z4nlhyx6r0c7qalgt3,ProgPoW,20.24948311010207
3413384,2025-07-29 04:56:33,bv1qjx2g5rnhx8wa92sy3fem2a030wt64x0ttrxu3n,ProgPoW,20.48593931253434
3413385,2025-07-29 04:57:39,Unknown,Stake,92347690.5729467
3413386,2025-07-29 04:57:25,bv1qjx2g5rnhx8wa92sy3fem2a030wt64x0ttrxu3n,ProgPoW,21.89246217385347
3413387,2025-07-29 04:57:17,bv1qmce5q6xy8rk8evnzxz9guvuspzsr074ushd26z,RandomX,0.02457062794854097
3413388,2025-07-29 04:58:05,bv1qf85ldqmp5z3z8x659834z4nlhyx6r0c7qalgt3,ProgPoW,21.90661234722657
3413389,2025-07-29 05:00:39,VGFf24bPSfe4ETQftBSbzBKsV5wWKt35Hf,SHA256D,15.21744572700507
3413390,2025-07-29 05:01:24,bv1qmce5q6xy8rk8evnzxz9guvuspzsr074ushd26z,RandomX,0.02851485200210941
3413391,2025-07-29 05:08:43,Unknown,Stake,87054062.56772831
3413392,2025-07-29 05:08:42,Unknown,Stake,83939990.44605556
3413393,2025-07-29 05:08:34,bv1qjx2g5rnhx8wa92sy3fem2a030wt64x0ttrxu3n,ProgPoW,20.26229817062787
3413394,2025-07-29 05:11:53,Unknown,Stake,92362478.53320326
3413395,2025-07-29 05:12:06,Unknown,Stake,83899257.27066812
3413396,2025-07-29 05:11:52,bv1qjx2g5rnhx8wa92sy3fem2a030wt64x0ttrxu3n,ProgPoW,20.14892247384249
3413397,2025-07-29 05:15:07,Unknown,Stake,92302689.1716389
3413398,2025-07-29 05:15:00,bv1qf85ldqmp5z3z8x659834z4nlhyx6r0c7qalgt3,ProgPoW,20.08709176483547
3413399,2025-07-29 05:15:41,Unknown,Stake,84330630.20068885
3413400,2025-07-29 05:15:27,bv1qf85ldqmp5z3z8x659834z4nlhyx6r0c7qalgt3,ProgPoW,21.81489090578108
3413401,2025-07-29 05:16:21,bv1qzggn4kvtxdxhzr3yueamu2lqrtvxytaeye8mcm,ProgPoW,21.8259875186849
3413402,2025-07-29 05:17:37,bv1qf85ldqmp5z3z8x659834z4nlhyx6r0c7qalgt3,ProgPoW,21.81911820743883
3413403,2025-07-29 05:17:46,bv1qzggn4kvtxdxhzr3yueamu2lqrtvxytaeye8mcm,ProgPoW,21.8293385865089
3413404,2025-07-29 05:17:53,bv1qmce5q6xy8rk8evnzxz9guvuspzsr074ushd26z,RandomX,0.0247404489635513
3413405,2025-07-29 05:18:14,Unknown,Stake,84892399.13517152
3413406,2025-07-29 05:18:31,Unknown,Stake,85538838.90382184
3413407,2025-07-29 05:18:17,VCTUK5Rmf5d16gbrwdHEkGqR47AjrA9uGu,SHA256D,15.22495820999004
3413408,2025-07-29 05:21:20,Unknown,Stake,92063400.42833075
3413409,2025-07-29 05:23:19,Unknown,Stake,85329208.53034157
3413410,2025-07-29 05:23:05,VGFf24bPSfe4ETQftBSbzBKsV5wWKt35Hf,SHA256D,15.227846412321
3413411,2025-07-29 05:26:00,VGFf24bPSfe4ETQftBSbzBKsV5wWKt35Hf,SHA256D,15.2283301896897
3413412,2025-07-29 05:26:14,Unknown,Stake,84461154.2476413
3413413,2025-07-29 05:26:13,bv1qjx2g5rnhx8wa92sy3fem2a030wt64x0ttrxu3n,ProgPoW,20.40044650782726
3413414,2025-07-29 05:26:33,Unknown,Stake,84692979.81339727
3413415,2025-07-29 05:26:59,Unknown,Stake,91896851.19888419
3413416,2025-07-29 05:26:59,bv1qzggn4kvtxdxhzr3yueamu2lqrtvxytaeye8mcm,ProgPoW,21.82414203092357
3413417,2025-07-29 05:27:15,bv1qzggn4kvtxdxhzr3yueamu2lqrtvxytaeye8mcm,ProgPoW,21.8246530578263
3413418,2025-07-29 05:28:10,bv1qjx2g5rnhx8wa92sy3fem2a030wt64x0ttrxu3n,ProgPoW,21.82048037166569
3413419,2025-07-29 05:28:30,bv1qzggn4kvtxdxhzr3yueamu2lqrtvxytaeye8mcm,ProgPoW,21.82959421866339
3413420,2025-07-29 05:31:18,Unknown,Stake,91868566.85557769
3413421,2025-07-29 05:36:15,Unknown,Stake,84601871.93800546
3413422,2025-07-29 05:37:32,Unknown,Stake,82592737.75566728
3413423,2025-07-29 05:37:47,Unknown,Stake,91566983.83157468
3413424,2025-07-29 05:37:33,Unknown,Stake,91500752.96656185
3413425,2025-07-29 05:37:35,bv1qjx2g5rnhx8wa92sy3fem2a030wt64x0ttrxu3n,ProgPoW,21.06107815100943
3413426,2025-07-29 05:38:21,Unknown,Stake,91527531.43667668
3413427,2025-07-29 05:40:03,Unknown,Stake,91465786.03724718
3413428,2025-07-29 05:39:49,bv1qzggn4kvtxdxhzr3yueamu2lqrtvxytaeye8mcm,ProgPoW,21.81926009161068
3413429,2025-07-29 05:40:50,VHU81LE2bTUe5AWSHSrDHcocqRWCK4dCRo,RandomX,0.02452088213064334
3413430,2025-07-29 05:42:09,Unknown,Stake,83565306.40736853
3413431,2025-07-29 05:42:55,Unknown,Stake,83259461.3582201
3413432,2025-07-29 05:48:01,bv1qf85ldqmp5z3z8x659834z4nlhyx6r0c7qalgt3,ProgPoW,21.29845069492756
3413433,2025-07-29 05:48:46,Unknown,Stake,81534279.17445692
3413434,2025-07-29 05:49:25,Unknown,Stake,81370838.66756478
3413435,2025-07-29 05:49:37,Unknown,Stake,90945411.15431926
3413436,2025-07-29 05:49:30,VHU81LE2bTUe5AWSHSrDHcocqRWCK4dCRo,RandomX,0.02828317441355624
3413437,2025-07-29 05:49:54,Unknown,Stake,90860009.92409575
3413438,2025-07-29 05:49:53,bv1qmce5q6xy8rk8evnzxz9guvuspzsr074ushd26z,RandomX,0.02830165456823296
3413439,2025-07-29 05:50:42,bv1qjx2g5rnhx8wa92sy3fem2a030wt64x0ttrxu3n,ProgPoW,21.81097714762649
3413440,2025-07-29 05:52:37,Unknown,Stake,90765343.35715836
3413441,2025-07-29 05:52:23,VCTUK5Rmf5d16gbrwdHEkGqR47AjrA9uGu,SHA256D,15.10573680822232
3413442,2025-07-29 05:54:21,Unknown,Stake,82618241.2907517
3413443,2025-07-29 05:54:07,bv1qjx2g5rnhx8wa92sy3fem2a030wt64x0ttrxu3n,ProgPoW,20.04281672910773
3413444,2025-07-29 05:56:06,Unknown,Stake,90714063.89879704
3413445,2025-07-29 05:55:52,bv1qzggn4kvtxdxhzr3yueamu2lqrtvxytaeye8mcm,ProgPoW,21.76982606935426
3413446,2025-07-29 05:57:22,Unknown,Stake,90638581.26131812
3413447,2025-07-29 05:57:18,bv1qjx2g5rnhx8wa92sy3fem2a030wt64x0ttrxu3n,ProgPoW,21.74905495029738
3413448,2025-07-29 05:58:24,Unknown,Stake,90647338.27936974
3413449,2025-07-29 05:58:10,bv1qjx2g5rnhx8wa92sy3fem2a030wt64x0ttrxu3n,ProgPoW,21.75311574547095
3413450,2025-07-29 06:00:27,Unknown,Stake,90655775.80709276
3413451,2025-07-29 06:00:13,bv1qjx2g5rnhx8wa92sy3fem2a030wt64x0ttrxu3n,ProgPoW,21.73355891276242
3413452,2025-07-29 06:03:14,bv1qjx2g5rnhx8wa92sy3fem2a030wt64x0ttrxu3n,ProgPoW,21.71637009432411
3413453,2025-07-29 06:04:39,Unknown,Stake,85619994.92716676
3413454,2025-07-29 06:05:42,Unknown,Stake,85672167.9335273
3413455,2025-07-29 06:05:28,bv1qmce5q6xy8rk8evnzxz9guvuspzsr074ushd26z,RandomX,0.025112620725279
3413456,2025-07-29 06:05:57,bv1qf85ldqmp5z3z8x659834z4nlhyx6r0c7qalgt3,ProgPoW,21.69875940277505
3413457,2025-07-29 06:06:32,Unknown,Stake,90514908.77731045
3413458,2025-07-29 06:07:20,VGFf24bPSfe4ETQftBSbzBKsV5wWKt35Hf,SHA256D,15.35451749890174
3413459,2025-07-29 06:12:14,Unknown,Stake,90520672.45802893
3413460,2025-07-29 06:11:59,bv1qjx2g5rnhx8wa92sy3fem2a030wt64x0ttrxu3n,ProgPoW,20.0087061991716
3413461,2025-07-29 06:12:49,Unknown,Stake,86330636.84090811
3413462,2025-07-29 06:12:37,Unknown,Stake,90450423.10249951
3413463,2025-07-29 06:12:36,bv1qmce5q6xy8rk8evnzxz9guvuspzsr074ushd26z,RandomX,0.02822025709349653
3413464,2025-07-29 06:14:46,bv1qjx2g5rnhx8wa92sy3fem2a030wt64x0ttrxu3n,ProgPoW,21.64657308009909
3413465,2025-07-29 06:16:02,Unknown,Stake,90454696.03360958
3413466,2025-07-29 06:15:59,Unknown,Stake,84994168.081127
3413467,2025-07-29 06:16:49,bv1qg7jqg468qsplnnngwpc8ur29mmkdh3kfsgaqvy,ProgPoW,21.61745378077631
3413468,2025-07-29 06:17:31,bv1qzggn4kvtxdxhzr3yueamu2lqrtvxytaeye8mcm,ProgPoW,21.61581048853111
3413469,2025-07-29 06:17:44,bv1qzggn4kvtxdxhzr3yueamu2lqrtvxytaeye8mcm,ProgPoW,21.58796825298786
3413470,2025-07-29 06:19:11,Unknown,Stake,90342252.01385029
3413471,2025-07-29 06:18:57,bv1qmce5q6xy8rk8evnzxz9guvuspzsr074ushd26z,RandomX,0.0281611763795904
3413472,2025-07-29 06:20:48,Unknown,Stake,85673471.7695104
3413473,2025-07-29 06:20:47,bv1qzggn4kvtxdxhzr3yueamu2lqrtvxytaeye8mcm,ProgPoW,19.93839132915003
3413474,2025-07-29 06:21:31,VHU81LE2bTUe5AWSHSrDHcocqRWCK4dCRo,RandomX,0.02815575608741753
3413475,2025-07-29 06:22:12,bv1qjx2g5rnhx8wa92sy3fem2a030wt64x0ttrxu3n,ProgPoW,21.49261073646668
3413476,2025-07-29 06:22:42,Unknown,Stake,86196228.69624653
3413477,2025-07-29 06:23:01,Unknown,Stake,90231099.58234838
3413478,2025-07-29 06:22:47,VHU81LE2bTUe5AWSHSrDHcocqRWCK4dCRo,RandomX,0.02809671598329503
3413479,2025-07-29 06:28:02,Unknown,Stake,90232314.4653972
3413480,2025-07-29 06:28:01,bv1qf85ldqmp5z3z8x659834z4nlhyx6r0c7qalgt3,ProgPoW,19.46000869943454
3413481,2025-07-29 06:28:08,bv1qjx2g5rnhx8wa92sy3fem2a030wt64x0ttrxu3n,ProgPoW,18.82726835065464
3413482,2025-07-29 06:29:38,Unknown,Stake,85502616.90879034
3413483,2025-07-29 06:32:41,Unknown,Stake,90123538.69979972
3413484,2025-07-29 06:32:48,Unknown,Stake,84566667.63110551
3413485,2025-07-29 06:33:04,Unknown,Stake,90005468.59948415
3413486,2025-07-29 06:32:50,bv1qjx2g5rnhx8wa92sy3fem2a030wt64x0ttrxu3n,ProgPoW,19.36696191820766
3413487,2025-07-29 06:32:37,VCTUK5Rmf5d16gbrwdHEkGqR47AjrA9uGu,SHA256D,14.84819439613629
3413488,2025-07-29 06:33:47,Unknown,Stake,90002187.6945273
3413489,2025-07-29 06:33:32,VGFf24bPSfe4ETQftBSbzBKsV5wWKt35Hf,SHA256D,15.35465802696247
3413490,2025-07-29 06:34:37,Unknown,Stake,89951824.18078908
3413491,2025-07-29 06:34:23,bv1qf85ldqmp5z3z8x659834z4nlhyx6r0c7qalgt3,ProgPoW,21.24225112434666
3413492,2025-07-29 06:35:44,Unknown,Stake,89946793.80365334
3413493,2025-07-29 06:35:30,bv1qjx2g5rnhx8wa92sy3fem2a030wt64x0ttrxu3n,ProgPoW,21.22808638030972
3413494,2025-07-29 06:37:15,Unknown,Stake,89941907.69029409
3413495,2025-07-29 06:37:16,VHU81LE2bTUe5AWSHSrDHcocqRWCK4dCRo,RandomX,0.02473428617042597
3413496,2025-07-29 06:37:33,bv1qzggn4kvtxdxhzr3yueamu2lqrtvxytaeye8mcm,ProgPoW,21.21359180334295
3413497,2025-07-29 06:38:13,Unknown,Stake,89937137.05654137
3413498,2025-07-29 06:37:59,bv1qjx2g5rnhx8wa92sy3fem2a030wt64x0ttrxu3n,ProgPoW,21.20061717864441
3413499,2025-07-29 06:40:26,Unknown,Stake,89907346.41678232
3413500,2025-07-29 06:40:12,bv1qzggn4kvtxdxhzr3yueamu2lqrtvxytaeye8mcm,ProgPoW,21.19145872411376
3413501,2025-07-29 06:41:09,bv1qzggn4kvtxdxhzr3yueamu2lqrtvxytaeye8mcm,ProgPoW,21.44184857624866
3413502,2025-07-29 06:41:40,Unknown,Stake,89324579.27179715
3413503,2025-07-29 06:41:32,bv1qf85ldqmp5z3z8x659834z4nlhyx6r0c7qalgt3,ProgPoW,21.36044062936867
3413504,2025-07-29 06:44:22,bv1qjx2g5rnhx8wa92sy3fem2a030wt64x0ttrxu3n,ProgPoW,21.41516310001723
3413505,2025-07-29 06:45:15,bv1qjx2g5rnhx8wa92sy3fem2a030wt64x0ttrxu3n,ProgPoW,21.48077775017861
3413506,2025-07-29 06:48:11,bv1qjx2g5rnhx8wa92sy3fem2a030wt64x0ttrxu3n,ProgPoW,21.9723998653652
3413507,2025-07-29 06:50:05,Unknown,Stake,88575492.19380133
3413508,2025-07-29 06:49:51,bv1qf85ldqmp5z3z8x659834z4nlhyx6r0c7qalgt3,ProgPoW,21.83763548490808
3413509,2025-07-29 06:50:27,bv1qjx2g5rnhx8wa92sy3fem2a030wt64x0ttrxu3n,ProgPoW,21.59683326360506
3413510,2025-07-29 06:52:32,Unknown,Stake,89823940.06072284
3413511,2025-07-29 06:52:18,bv1qzggn4kvtxdxhzr3yueamu2lqrtvxytaeye8mcm,ProgPoW,21.67459478733602
3413512,2025-07-29 06:53:04,VGFf24bPSfe4ETQftBSbzBKsV5wWKt35Hf,SHA256D,15.3497972508088
3413513,2025-07-29 06:53:34,Unknown,Stake,89637289.98513745
3413514,2025-07-29 06:53:20,bv1qjx2g5rnhx8wa92sy3fem2a030wt64x0ttrxu3n,ProgPoW,22.99001027749229
3413515,2025-07-29 06:55:02,Unknown,Stake,89860588.80088267
3413516,2025-07-29 06:54:51,bv1qmce5q6xy8rk8evnzxz9guvuspzsr074ushd26z,RandomX,0.02453249380932149
3413517,2025-07-29 06:55:08,bv1qmce5q6xy8rk8evnzxz9guvuspzsr074ushd26z,RandomX,0.02391756023732526
3413518,2025-07-29 06:59:16,Unknown,Stake,89818006.81008197
3413519,2025-07-29 06:59:02,bv1qjx2g5rnhx8wa92sy3fem2a030wt64x0ttrxu3n,ProgPoW,21.21278712942019
3413520,2025-07-29 07:02:28,Unknown,Stake,88363214.64117816
3413521,2025-07-29 07:02:14,bv1qmce5q6xy8rk8evnzxz9guvuspzsr074ushd26z,RandomX,0.02768765903979781
3413522,2025-07-29 07:03:27,Unknown,Stake,87520100.39068192
3413523,2025-07-29 07:03:13,bv1qjx2g5rnhx8wa92sy3fem2a030wt64x0ttrxu3n,ProgPoW,21.19933130399512
3413524,2025-07-29 07:08:52,Unknown,Stake,89713915.62933297
3413525,2025-07-29 07:09:08,Unknown,Stake,87293998.5849642
3413526,2025-07-29 07:08:54,bv1qzggn4kvtxdxhzr3yueamu2lqrtvxytaeye8mcm,ProgPoW,21.18533073035708
3413527,2025-07-29 07:10:45,Unknown,Stake,89671158.25577006
3413528,2025-07-29 07:10:31,bv1qf85ldqmp5z3z8x659834z4nlhyx6r0c7qalgt3,ProgPoW,21.38625371905251
3413529,2025-07-29 07:11:19,Unknown,Stake,89643399.23155344
3413530,2025-07-29 07:12:51,Unknown,Stake,89631524.07720387
3413531,2025-07-29 07:12:40,bv1qjx2g5rnhx8wa92sy3fem2a030wt64x0ttrxu3n,ProgPoW,21.57566934632395
3413532,2025-07-29 07:14:51,bv1qjx2g5rnhx8wa92sy3fem2a030wt64x0ttrxu3n,ProgPoW,22.632114287256
3413533,2025-07-29 07:16:48,Unknown,Stake,87161218.52102818
3413534,2025-07-29 07:16:34,VB9RkKJanyR8SGRzZRtyyBbdRp4kAJ3uT1,SHA256D,15.40942018669167
3413535,2025-07-29 07:17:31,Unknown,Stake,87671231.88368258
3413536,2025-07-29 07:18:25,Unknown,ProgPoW,23.60631379291907
3413537,2025-07-29 07:20:47,VHU81LE2bTUe5AWSHSrDHcocqRWCK4dCRo,RandomX,0.02390316618928419
3413538,2025-07-29 07:21:18,bv1qjx2g5rnhx8wa92sy3fem2a030wt64x0ttrxu3n,ProgPoW,23.93808643243613
3413539,2025-07-29 07:22:03,bv1qjx2g5rnhx8wa92sy3fem2a030wt64x0ttrxu3n,ProgPoW,21.31706945185637
3413540,2025-07-29 07:23:32,Unknown,Stake,87166670.97436476
3413541,2025-07-29 07:23:25,VHU81LE2bTUe5AWSHSrDHcocqRWCK4dCRo,RandomX,0.0274872535647237
3413542,2025-07-29 07:23:35,Unknown,Stake,87689750.2414788
3413543,2025-07-29 07:23:31,bv1qmce5q6xy8rk8evnzxz9guvuspzsr074ushd26z,RandomX,0.02746616027396169
3413544,2025-07-29 07:25:56,bv1qzggn4kvtxdxhzr3yueamu2lqrtvxytaeye8mcm,ProgPoW,25.12871438392789
3413545,2025-07-29 07:27:07,Unknown,Stake,88106009.21887061
3413546,2025-07-29 07:28:00,Unknown,Stake,87667163.26333973
3413547,2025-07-29 07:27:46,bv1qzggn4kvtxdxhzr3yueamu2lqrtvxytaeye8mcm,ProgPoW,24.64076420772491
3413548,2025-07-29 07:28:23,Unknown,Stake,89418450.05748792
3413549,2025-07-29 07:28:22,Unknown,Stake,89388377.45684378
3413550,2025-07-29 07:28:13,bv1qf85ldqmp5z3z8x659834z4nlhyx6r0c7qalgt3,ProgPoW,24.55442762302856
3413551,2025-07-29 07:31:22,Unknown,Stake,89401835.21330515
3413552,2025-07-29 07:32:43,Unknown,Stake,88617294.5276222
3413553,2025-07-29 07:32:29,bv1qzggn4kvtxdxhzr3yueamu2lqrtvxytaeye8mcm,ProgPoW,21.50181093945849
3413554,2025-07-29 07:34:22,Unknown,Stake,89465345.7292646
3413555,2025-07-29 07:34:42,Unknown,Stake,89290377.41037278
3413556,2025-07-29 07:35:11,Unknown,Stake,89273866.75188795
3413557,2025-07-29 07:35:11,Unknown,Stake,89255550.74932052
3413558,2025-07-29 07:35:01,bv1qf85ldqmp5z3z8x659834z4nlhyx6r0c7qalgt3,ProgPoW,25.68968949349373
3413559,2025-07-29 07:37:35,Unknown,Stake,89236959.34472008
3413560,2025-07-29 07:37:55,Unknown,Stake,87924610.53567128
3413561,2025-07-29 07:37:49,Unknown,Stake,89176682.55540144
3413562,2025-07-29 07:37:38,bv1qmce5q6xy8rk8evnzxz9guvuspzsr074ushd26z,RandomX,0.02375331779862362
3413563,2025-07-29 07:45:06,Unknown,Stake,89766160.06809545
3413564,2025-07-29 07:46:59,Unknown,Stake,86800636.79242711
3413565,2025-07-29 07:46:45,VGFf24bPSfe4ETQftBSbzBKsV5wWKt35Hf,SHA256D,15.21331977972054
3413566,2025-07-29 07:47:11,bv1qjx2g5rnhx8wa92sy3fem2a030wt64x0ttrxu3n,ProgPoW,21.57578033470382
3413567,2025-07-29 07:47:53,Unknown,Stake,88227634.62725192
3413568,2025-07-29 07:50:48,Unknown,Stake,89079681.52781078
3413569,2025-07-29 07:52:16,Unknown,Stake,87258060.50647187
3413570,2025-07-29 07:53:10,Unknown,Stake,89033752.4450013
3413571,2025-07-29 07:53:46,bv1qg7jqg468qsplnnngwpc8ur29mmkdh3kfsgaqvy,ProgPoW,21.60128240618542
3413572,2025-07-29 07:55:28,Unknown,Stake,89010186.40116626
3413573,2025-07-29 07:56:57,Unknown,Stake,87830422.42981416
3413574,2025-07-29 08:01:22,VGFf24bPSfe4ETQftBSbzBKsV5wWKt35Hf,SHA256D,15.46401844220174
3413575,2025-07-29 08:02:17,Unknown,Stake,86119193.95767635
3413576,2025-07-29 08:03:16,Unknown,Stake,86729546.25503792
3413577,2025-07-29 08:03:11,VHU81LE2bTUe5AWSHSrDHcocqRWCK4dCRo,RandomX,0.02312081423650863
3413578,2025-07-29 08:06:01,Unknown,Stake,88892823.79965924
3413579,2025-07-29 08:06:32,Unknown,Stake,86194697.73694986
3413580,2025-07-29 08:07:42,Unknown,Stake,88822638.76578265
3413581,2025-07-29 08:07:28,bv1qjx2g5rnhx8wa92sy3fem2a030wt64x0ttrxu3n,ProgPoW,21.62846192223945
3413582,2025-07-29 08:08:57,Unknown,Stake,88781538.62710203
3413583,2025-07-29 08:08:46,bv1qf85ldqmp5z3z8x659834z4nlhyx6r0c7qalgt3,ProgPoW,21.73699430952455
3413584,2025-07-29 08:10:25,Unknown,Stake,88756398.61335136
3413585,2025-07-29 08:10:26,bv1qjx2g5rnhx8wa92sy3fem2a030wt64x0ttrxu3n,ProgPoW,21.73130678300247
3413586,2025-07-29 08:13:04,Unknown,Stake,88730657.45811099
3413587,2025-07-29 08:14:34,Unknown,Stake,87213638.88967177
3413588,2025-07-29 08:14:20,bv1qjx2g5rnhx8wa92sy3fem2a030wt64x0ttrxu3n,ProgPoW,21.38211071261977
3413589,2025-07-29 08:17:44,Unknown,Stake,88654975.50894831
3413590,2025-07-29 08:17:45,Unknown,Stake,86013006.19827528
3413591,2025-07-29 08:17:35,bv1qjx2g5rnhx8wa92sy3fem2a030wt64x0ttrxu3n,ProgPoW,21.61500286019078
3413592,2025-07-29 08:19:36,Unknown,Stake,88548685.84887396
3413593,2025-07-29 08:19:22,VB9RkKJanyR8SGRzZRtyyBbdRp4kAJ3uT1,SHA256D,15.4606980138895
3413594,2025-07-29 08:20:59,Unknown,Stake,88519167.49456486
3413595,2025-07-29 08:21:05,Unknown,Stake,88489307.15978527
3413596,2025-07-29 08:20:53,bv1qjx2g5rnhx8wa92sy3fem2a030wt64x0ttrxu3n,ProgPoW,21.63646727761858
3413597,2025-07-29 08:24:08,Unknown,Stake,88442734.1182755
3413598,2025-07-29 08:25:05,Unknown,Stake,87781419.19552658
3413599,2025-07-29 08:27:06,Unknown,Stake,88375394.27486323
3413600,2025-07-29 08:26:57,bv1qjx2g5rnhx8wa92sy3fem2a030wt64x0ttrxu3n,ProgPoW,21.02423362932998
3413601,2025-07-29 08:27:58,bv1qjx2g5rnhx8wa92sy3fem2a030wt64x0ttrxu3n,ProgPoW,20.43374151383242
3413602,2025-07-29 08:30:06,Unknown,Stake,87404514.7483264
3413603,2025-07-29 08:30:00,bv1qjx2g5rnhx8wa92sy3fem2a030wt64x0ttrxu3n,ProgPoW,21.59555447429496
3413604,2025-07-29 08:30:20,bv1qjx2g5rnhx8wa92sy3fem2a030wt64x0ttrxu3n,ProgPoW,21.59171901483766
3413605,2025-07-29 08:38:12,Unknown,Stake,87415399.86333826
3413606,2025-07-29 08:37:58,VGFf24bPSfe4ETQftBSbzBKsV5wWKt35Hf,SHA256D,15.44280937008983
3413607,2025-07-29 08:38:45,bv1qg7jqg468qsplnnngwpc8ur29mmkdh3kfsgaqvy,ProgPoW,21.19617085844886
3413608,2025-07-29 08:38:31,bv1qjx2g5rnhx8wa92sy3fem2a030wt64x0ttrxu3n,ProgPoW,21.06570602364859
3413609,2025-07-29 08:39:08,Unknown,Stake,86775562.61034516
3413610,2025-07-29 08:38:58,VHU81LE2bTUe5AWSHSrDHcocqRWCK4dCRo,RandomX,0.02204301238021144
3413611,2025-07-29 08:40:26,bv1qg7jqg468qsplnnngwpc8ur29mmkdh3kfsgaqvy,ProgPoW,22.124377886383
3413612,2025-07-29 08:41:17,Unknown,Stake,88224509.7053496
3413613,2025-07-29 08:42:33,Unknown,Stake,88209468.93100612
3413614,2025-07-29 08:42:19,bv1qjx2g5rnhx8wa92sy3fem2a030wt64x0ttrxu3n,ProgPoW,22.32914707964884
3413615,2025-07-29 08:44:14,Unknown,Stake,89263985.93425998
3413616,2025-07-29 08:44:34,Unknown,Stake,89814080.4037364
3413617,2025-07-29 08:44:20,bv1qmce5q6xy8rk8evnzxz9guvuspzsr074ushd26z,RandomX,0.02698661602206532
3413618,2025-07-29 08:48:12,Unknown,Stake,91233531.8455565
3413619,2025-07-29 08:48:36,Unknown,Stake,88232363.91235779
3413620,2025-07-29 08:48:40,Unknown,Stake,89418222.80429506
3413621,2025-07-29 08:49:36,Unknown,Stake,91859992.01187158
3413622,2025-07-29 08:49:22,bv1qjx2g5rnhx8wa92sy3fem2a030wt64x0ttrxu3n,ProgPoW,21.63108323287283
3413623,2025-07-29 08:49:52,bv1qjx2g5rnhx8wa92sy3fem2a030wt64x0ttrxu3n,ProgPoW,21.10723613690234
3413624,2025-07-29 08:51:15,bv1qjx2g5rnhx8wa92sy3fem2a030wt64x0ttrxu3n,ProgPoW,21.65568196779715
3413625,2025-07-29 08:51:59,Unknown,Stake,88268721.65843314
3413626,2025-07-29 08:54:05,Unknown,Stake,88306660.81764485
3413627,2025-07-29 08:53:51,bv1qzggn4kvtxdxhzr3yueamu2lqrtvxytaeye8mcm,ProgPoW,21.73845890712705
3413628,2025-07-29 08:54:41,Unknown,Stake,92354690.02122903
3413629,2025-07-29 08:56:39,VGFf24bPSfe4ETQftBSbzBKsV5wWKt35Hf,SHA256D,15.49562663366245
3413630,2025-07-29 08:57:51,Unknown,Stake,88345298.09470034
3413631,2025-07-29 09:00:27,Unknown,Stake,88313726.08640648
3413632,2025-07-29 09:00:15,VHU81LE2bTUe5AWSHSrDHcocqRWCK4dCRo,RandomX,0.02141425231469001
3413633,2025-07-29 09:03:09,bv1qg7jqg468qsplnnngwpc8ur29mmkdh3kfsgaqvy,ProgPoW,21.34948620876149
3413634,2025-07-29 09:02:58,bv1qjx2g5rnhx8wa92sy3fem2a030wt64x0ttrxu3n,ProgPoW,20.24117666220669
3413635,2025-07-29 09:03:26,Unknown,Stake,88348514.77217363
3413636,2025-07-29 09:04:29,Unknown,Stake,88378502.14496714
3413637,2025-07-29 09:05:08,Unknown,Stake,90324335.60361232
3413638,2025-07-29 09:04:54,bv1qjx2g5rnhx8wa92sy3fem2a030wt64x0ttrxu3n,ProgPoW,21.71274450676737
3413639,2025-07-29 09:05:08,VB9RkKJanyR8SGRzZRtyyBbdRp4kAJ3uT1,SHA256D,15.47791414382307
3413640,2025-07-29 09:08:58,Unknown,Stake,91650228.17043833
3413641,2025-07-29 09:08:54,Unknown,Stake,88441983.79013532
3413642,2025-07-29 09:09:39,Unknown,Stake,90327060.2951355
3413643,2025-07-29 09:09:54,Unknown,Stake,90247590.072103
3413644,2025-07-29 09:10:50,Unknown,Stake,90293390.00970715
3413645,2025-07-29 09:14:25,Unknown,Stake,91970658.38355269
3413646,2025-07-29 09:14:38,Unknown,Stake,88561278.90878622
3413647,2025-07-29 09:14:24,bv1qmce5q6xy8rk8evnzxz9guvuspzsr074ushd26z,RandomX,0.0214433096284992
3413648,2025-07-29 09:17:25,Unknown,Stake,91635070.73185469
3413649,2025-07-29 09:18:50,Unknown,Stake,88615174.1802825
3413650,2025-07-29 09:19:04,Unknown,Stake,89603104.99724159
3413651,2025-07-29 09:19:42,VGFf24bPSfe4ETQftBSbzBKsV5wWKt35Hf,SHA256D,15.45831901321566
3413652,2025-07-29 09:20:05,Unknown,Stake,90330741.78838839
3413653,2025-07-29 09:20:00,bv1qjx2g5rnhx8wa92sy3fem2a030wt64x0ttrxu3n,ProgPoW,20.37688274367722
3413654,2025-07-29 09:21:53,Unknown,Stake,90661323.82649319
3413655,2025-07-29 09:21:50,bv1qjx2g5rnhx8wa92sy3fem2a030wt64x0ttrxu3n,ProgPoW,21.59252490411594
3413656,2025-07-29 09:22:26,Unknown,Stake,90686824.24620928
3413657,2025-07-29 09:23:28,Unknown,Stake,92567542.45341706
3413658,2025-07-29 09:24:10,bv1qg7jqg468qsplnnngwpc8ur29mmkdh3kfsgaqvy,ProgPoW,21.59210805732341
3413659,2025-07-29 09:28:56,Unknown,Stake,92613655.78198417
3413660,2025-07-29 09:28:46,bv1qjx2g5rnhx8wa92sy3fem2a030wt64x0ttrxu3n,ProgPoW,19.71915678865061
3413661,2025-07-29 09:30:33,Unknown,Stake,88887321.68762657
3413662,2025-07-29 09:30:19,VGFf24bPSfe4ETQftBSbzBKsV5wWKt35Hf,SHA256D,15.43148851626671
3413663,2025-07-29 09:30:38,Unknown,Stake,90718537.20809841
3413664,2025-07-29 09:31:10,bv1qg7jqg468qsplnnngwpc8ur29mmkdh3kfsgaqvy,ProgPoW,21.55764889101906
3413665,2025-07-29 09:35:19,Unknown,Stake,91085588.51411149
3413666,2025-07-29 09:35:05,VGFf24bPSfe4ETQftBSbzBKsV5wWKt35Hf,SHA256D,15.4048924446338
3413667,2025-07-29 09:36:07,Unknown,Stake,88871997.96642214
3413668,2025-07-29 09:35:53,bv1qzggn4kvtxdxhzr3yueamu2lqrtvxytaeye8mcm,ProgPoW,19.43440048838069
3413669,2025-07-29 09:39:00,Unknown,Stake,90634203.38674279
3413670,2025-07-29 09:39:25,Unknown,Stake,88927452.20271125
3413671,2025-07-29 09:39:11,bv1qmce5q6xy8rk8evnzxz9guvuspzsr074ushd26z,RandomX,0.02118235246775134
3413672,2025-07-29 09:40:24,bv1qjx2g5rnhx8wa92sy3fem2a030wt64x0ttrxu3n,ProgPoW,19.68332034953024
3413673,2025-07-29 09:40:30,bv1qmce5q6xy8rk8evnzxz9guvuspzsr074ushd26z,RandomX,0.02643217114059447
3413674,2025-07-29 09:42:39,Unknown,Stake,90074422.90149856
3413675,2025-07-29 09:44:04,Unknown,Stake,88908828.7113384
3413676,2025-07-29 09:44:09,Unknown,Stake,89941160.44917108
3413677,2025-07-29 09:44:01,bv1qmce5q6xy8rk8evnzxz9guvuspzsr074ushd26z,RandomX,0.02639944022793712
3413678,2025-07-29 09:46:56,bv1qzggn4kvtxdxhzr3yueamu2lqrtvxytaeye8mcm,ProgPoW,19.2063522955063
3413679,2025-07-29 09:48:31,Unknown,Stake,88931526.25344428
3413680,2025-07-29 09:50:36,Unknown,Stake,88959717.67071299
3413681,2025-07-29 09:50:59,Unknown,Stake,88946982.94326676
3413682,2025-07-29 09:52:46,Unknown,Stake,89681443.73914033
3413683,2025-07-29 09:53:38,Unknown,Stake,88962641.8314496
3413684,2025-07-29 09:53:35,bv1qmce5q6xy8rk8evnzxz9guvuspzsr074ushd26z,RandomX,0.02637199992595639
3413685,2025-07-29 09:53:44,bv1qmce5q6xy8rk8evnzxz9guvuspzsr074ushd26z,RandomX,0.02635016712362806
3413686,2025-07-29 09:58:19,Unknown,Stake,89890204.92099057
3413687,2025-07-29 10:01:40,Unknown,Stake,88012395.48208925
3413688,2025-07-29 10:04:27,Unknown,Stake,86779655.91083734
3413689,2025-07-29 10:04:13,VHU81LE2bTUe5AWSHSrDHcocqRWCK4dCRo,RandomX,0.02249341003322441
3413690,2025-07-29 10:07:23,Unknown,Stake,86388027.84082322
3413691,2025-07-29 10:07:08,bv1qjx2g5rnhx8wa92sy3fem2a030wt64x0ttrxu3n,ProgPoW,17.51928723888608
3413692,2025-07-29 10:07:44,Unknown,Stake,85210201.02419102
3413693,2025-07-29 10:07:44,Unknown,Stake,88940040.81978713
3413694,2025-07-29 10:07:34,bv1qzggn4kvtxdxhzr3yueamu2lqrtvxytaeye8mcm,ProgPoW,21.51918607335806
3413695,2025-07-29 10:08:56,Unknown,Stake,88929418.93921903
3413696,2025-07-29 10:09:36,Unknown,Stake,88918715.32507361
3413697,2025-07-29 10:09:30,bv1qmce5q6xy8rk8evnzxz9guvuspzsr074ushd26z,RandomX,0.02620044912771115
3413698,2025-07-29 10:09:31,bv1qmce5q6xy8rk8evnzxz9guvuspzsr074ushd26z,RandomX,0.02620946052143769
3413699,2025-07-29 10:10:53,Unknown,Stake,88948332.1456604
3413700,2025-07-29 10:10:39,bv1qzggn4kvtxdxhzr3yueamu2lqrtvxytaeye8mcm,ProgPoW,17.42029135992192
3413701,2025-07-29 10:11:42,Unknown,Stake,88938663.76620378
3413702,2025-07-29 10:11:42,bv1qf85ldqmp5z3z8x659834z4nlhyx6r0c7qalgt3,ProgPoW,21.44464413079769
3413703,2025-07-29 10:12:32,bv1qzggn4kvtxdxhzr3yueamu2lqrtvxytaeye8mcm,ProgPoW,21.44853719528098
3413704,2025-07-29 10:14:02,Unknown,Stake,88977012.37600324
3413705,2025-07-29 10:15:15,Unknown,Stake,87251785.20351933
3413706,2025-07-29 10:15:04,VHU81LE2bTUe5AWSHSrDHcocqRWCK4dCRo,RandomX,0.02622776433072076
3413707,2025-07-29 10:18:17,Unknown,Stake,88945437.03250907
3413708,2025-07-29 10:19:05,Unknown,Stake,85919955.69650948
3413709,2025-07-29 10:20:12,bv1qjx2g5rnhx8wa92sy3fem2a030wt64x0ttrxu3n,ProgPoW,17.08140182472202
3413710,2025-07-29 10:20:35,bv1qjx2g5rnhx8wa92sy3fem2a030wt64x0ttrxu3n,ProgPoW,16.41701690437165
3413711,2025-07-29 10:22:03,Unknown,Stake,85983630.47667691
3413712,2025-07-29 10:22:11,Unknown,Stake,84964971.0872755
3413713,2025-07-29 10:22:06,VHU81LE2bTUe5AWSHSrDHcocqRWCK4dCRo,RandomX,0.02616204218422213
3413714,2025-07-29 10:24:44,Unknown,Stake,88826310.77215934
3413715,2025-07-29 10:24:58,Unknown,Stake,84411052.89491394
3413716,2025-07-29 10:24:48,VGFf24bPSfe4ETQftBSbzBKsV5wWKt35Hf,SHA256D,14.73633172767805
3413717,2025-07-29 10:26:37,bv1qg7jqg468qsplnnngwpc8ur29mmkdh3kfsgaqvy,ProgPoW,16.58966270802638
3413718,2025-07-29 10:29:32,Unknown,Stake,86096065.60969858
3413719,2025-07-29 10:29:18,bv1qzggn4kvtxdxhzr3yueamu2lqrtvxytaeye8mcm,ProgPoW,16.36979411107523
3413720,2025-07-29 10:30:19,Unknown,Stake,85573244.41606367
3413721,2025-07-29 10:30:12,Unknown,Stake,88716953.58796123
3413722,2025-07-29 10:32:03,Unknown,Stake,88709376.3265198
3413723,2025-07-29 10:31:49,Unknown,SHA256D,15.41324253980562
3413724,2025-07-29 10:32:51,bv1qzggn4kvtxdxhzr3yueamu2lqrtvxytaeye8mcm,ProgPoW,21.05019084113135
3413725,2025-07-29 10:33:30,Unknown,Stake,85550590.35854143
3413726,2025-07-29 10:33:16,bv1qzggn4kvtxdxhzr3yueamu2lqrtvxytaeye8mcm,ProgPoW,21.04314123911121
3413727,2025-07-29 10:34:17,bv1qmce5q6xy8rk8evnzxz9guvuspzsr074ushd26z,RandomX,0.02340432902411787
3413728,2025-07-29 10:36:36,Unknown,Stake,86647314.46719435
3413729,2025-07-29 10:37:10,Unknown,Stake,85675140.73747955
3413730,2025-07-29 10:36:56,bv1qmce5q6xy8rk8evnzxz9guvuspzsr074ushd26z,RandomX,0.02604083883806242
3413731,2025-07-29 10:38:32,Unknown,Stake,88632725.90028583
3413732,2025-07-29 10:38:18,VHU81LE2bTUe5AWSHSrDHcocqRWCK4dCRo,RandomX,0.02604249454790531
3413733,2025-07-29 10:42:21,Unknown,Stake,88623823.60270226
3413734,2025-07-29 10:44:44,Unknown,Stake,86289349.81739701
3413735,2025-07-29 10:44:30,VHU81LE2bTUe5AWSHSrDHcocqRWCK4dCRo,RandomX,0.02607087091865657
3413736,2025-07-29 10:45:04,Unknown,Stake,85620828.36159419
3413737,2025-07-29 10:44:57,bv1qjx2g5rnhx8wa92sy3fem2a030wt64x0ttrxu3n,ProgPoW,15.56647942681223
3413738,2025-07-29 10:46:34,Unknown,Stake,88572203.22416262
3413739,2025-07-29 10:47:54,VGFf24bPSfe4ETQftBSbzBKsV5wWKt35Hf,SHA256D,15.39136752952229
3413740,2025-07-29 10:48:07,Unknown,Stake,86423836.47071539
3413741,2025-07-29 10:48:58,Unknown,Stake,88557071.53682502
3413742,2025-07-29 10:48:51,Unknown,Stake,88564539.20037557
3413743,2025-07-29 10:49:03,Unknown,Stake,88576356.2856616
3413744,2025-07-29 10:50:56,Unknown,Stake,88583827.20211491
3413745,2025-07-29 10:52:00,Unknown,Stake,86434239.7979654
3413746,2025-07-29 10:51:46,bv1qjx2g5rnhx8wa92sy3fem2a030wt64x0ttrxu3n,ProgPoW,15.05609366264111
3413747,2025-07-29 10:52:47,Unknown,Stake,88577192.51964322
3413748,2025-07-29 10:54:01,Unknown,Stake,88570252.2559006
3413749,2025-07-29 10:54:16,Unknown,Stake,88563480.2759315
3413750,2025-07-29 10:56:55,Unknown,Stake,88556570.02246393
3413751,2025-07-29 10:56:51,bv1qmce5q6xy8rk8evnzxz9guvuspzsr074ushd26z,RandomX,0.02585531439446842
3413752,2025-07-29 10:57:23,bv1qmce5q6xy8rk8evnzxz9guvuspzsr074ushd26z,RandomX,0.0255933110211159
3413753,2025-07-29 10:58:47,Unknown,Stake,86367802.45560494
3413754,2025-07-29 10:59:07,Unknown,Stake,85890958.00314306
3413755,2025-07-29 11:00:11,VGFf24bPSfe4ETQftBSbzBKsV5wWKt35Hf,SHA256D,15.37003326501988
3413756,2025-07-29 11:02:36,Unknown,Stake,88500937.21512778
3413757,2025-07-29 11:07:06,Unknown,Stake,84903563.86072434
3413758,2025-07-29 11:06:52,bv1qjx2g5rnhx8wa92sy3fem2a030wt64x0ttrxu3n,ProgPoW,14.16501603351587
3413759,2025-07-29 11:06:38,bv1qzggn4kvtxdxhzr3yueamu2lqrtvxytaeye8mcm,ProgPoW,13.31510045674784
3413760,2025-07-29 11:06:44,bv1qjx2g5rnhx8wa92sy3fem2a030wt64x0ttrxu3n,ProgPoW,20.353323967652
3413761,2025-07-29 11:07:40,bv1qjx2g5rnhx8wa92sy3fem2a030wt64x0ttrxu3n,ProgPoW,20.33957977457528
3413762,2025-07-29 11:07:55,Unknown,Stake,85053547.53851151
3413763,2025-07-29 11:08:27,bv1qjx2g5rnhx8wa92sy3fem2a030wt64x0ttrxu3n,ProgPoW,20.32585413133026
3413764,2025-07-29 11:09:59,Unknown,Stake,88421174.20577106
3413765,2025-07-29 11:12:18,Unknown,Stake,84604898.07981282
3413766,2025-07-29 11:12:46,Unknown,Stake,86167677.33972214
3413767,2025-07-29 11:13:31,Unknown,Stake,88355586.74012087
3413768,2025-07-29 11:14:43,Unknown,Stake,88368763.03288068
3413769,2025-07-29 11:14:29,bv1qjx2g5rnhx8wa92sy3fem2a030wt64x0ttrxu3n,ProgPoW,14.47658691020733
3413770,2025-07-29 11:15:53,Unknown,Stake,88369956.02810551
3413771,2025-07-29 11:19:15,Unknown,Stake,88364074.5962644
3413772,2025-07-29 11:19:17,Unknown,Stake,86193562.75050719
3413773,2025-07-29 11:19:06,bv1qmce5q6xy8rk8evnzxz9guvuspzsr074ushd26z,RandomX,0.02511420862172104
3413774,2025-07-29 11:19:57,bv1qjx2g5rnhx8wa92sy3fem2a030wt64x0ttrxu3n,ProgPoW,14.23628194303607
3413775,2025-07-29 11:21:08,Unknown,Stake,88349346.70964377
3413776,2025-07-29 11:22:10,Unknown,Stake,87399222.46749823
3413777,2025-07-29 11:23:17,Unknown,Stake,88833739.80502513
3413778,2025-07-29 11:23:03,bv1qjx2g5rnhx8wa92sy3fem2a030wt64x0ttrxu3n,ProgPoW,14.00787020917924
3413779,2025-07-29 11:25:20,Unknown,Stake,89343717.67090473
3413780,2025-07-29 11:26:11,Unknown,Stake,88385273.61886686
3413781,2025-07-29 11:26:48,Unknown,Stake,88978671.89636303
3413782,2025-07-29 11:26:34,bv1qjx2g5rnhx8wa92sy3fem2a030wt64x0ttrxu3n,ProgPoW,13.88483266489778
3413783,2025-07-29 11:27:29,bv1qzggn4kvtxdxhzr3yueamu2lqrtvxytaeye8mcm,ProgPoW,13.72775177560305
3413784,2025-07-29 11:29:10,bv1qjx2g5rnhx8wa92sy3fem2a030wt64x0ttrxu3n,ProgPoW,19.42974146117749
3413785,2025-07-29 11:29:45,VGFf24bPSfe4ETQftBSbzBKsV5wWKt35Hf,SHA256D,14.24024540439694
3413786,2025-07-29 11:30:50,Unknown,Stake,88404677.97192678
3413787,2025-07-29 11:31:19,bv1qg7jqg468qsplnnngwpc8ur29mmkdh3kfsgaqvy,ProgPoW,19.40111617106605
3413788,2025-07-29 11:32:11,VHU81LE2bTUe5AWSHSrDHcocqRWCK4dCRo,RandomX,0.02490381052811583
3413789,2025-07-29 11:33:09,Unknown,Stake,88401235.09023361
3413790,2025-07-29 11:35:30,Unknown,Stake,88398070.09687741
3413791,2025-07-29 11:35:16,VHU81LE2bTUe5AWSHSrDHcocqRWCK4dCRo,RandomX,0.02583027575548679
3413792,2025-07-29 11:35:35,bv1qjx2g5rnhx8wa92sy3fem2a030wt64x0ttrxu3n,ProgPoW,13.58916039734842
3413793,2025-07-29 11:35:54,bv1qmce5q6xy8rk8evnzxz9guvuspzsr074ushd26z,RandomX,0.02622916045474284
3413794,2025-07-29 11:37:19,bv1qjx2g5rnhx8wa92sy3fem2a030wt64x0ttrxu3n,ProgPoW,19.12436050594125
3413795,2025-07-29 11:38:50,Unknown,Stake,88395099.65139496
3413796,2025-07-29 11:39:16,Unknown,Stake,88392295.95609759
3413797,2025-07-29 11:39:06,VHU81LE2bTUe5AWSHSrDHcocqRWCK4dCRo,RandomX,0.02652770604055317
3413798,2025-07-29 11:39:12,bv1qjx2g5rnhx8wa92sy3fem2a030wt64x0ttrxu3n,ProgPoW,19.05413923399384
3413799,2025-07-29 11:39:15,bv1qmce5q6xy8rk8evnzxz9guvuspzsr074ushd26z,RandomX,0.02659174099924244
3413800,2025-07-29 11:46:59,Unknown,Stake,92123784.63089535
3413801,2025-07-29 11:48:22,Unknown,Stake,88429924.70683448
3413802,2025-07-29 11:48:12,bv1qf85ldqmp5z3z8x659834z4nlhyx6r0c7qalgt3,ProgPoW,13.05917078699264
3413803,2025-07-29 11:49:06,Unknown,Stake,89044286.58712903
3413804,2025-07-29 11:49:37,bv1qg7jqg468qsplnnngwpc8ur29mmkdh3kfsgaqvy,ProgPoW,18.79377654205786
3413805,2025-07-29 11:49:23,bv1qjx2g5rnhx8wa92sy3fem2a030wt64x0ttrxu3n,ProgPoW,18.75348338093348
3413806,2025-07-29 11:52:17,Unknown,Stake,89558315.9320826
3413807,2025-07-29 11:52:53,bv1qg7jqg468qsplnnngwpc8ur29mmkdh3kfsgaqvy,ProgPoW,14.50113705020394
3413808,2025-07-29 11:52:39,bv1qzggn4kvtxdxhzr3yueamu2lqrtvxytaeye8mcm,ProgPoW,14.21969080553295
3413809,2025-07-29 11:54:07,Unknown,Stake,88463303.62459493
3413810,2025-07-29 11:54:04,VHU81LE2bTUe5AWSHSrDHcocqRWCK4dCRo,RandomX,0.0257936968682709
3413811,2025-07-29 11:54:42,bv1qzggn4kvtxdxhzr3yueamu2lqrtvxytaeye8mcm,ProgPoW,18.44179284948748
3413812,2025-07-29 11:54:45,bv1qjx2g5rnhx8wa92sy3fem2a030wt64x0ttrxu3n,ProgPoW,18.39538606609504
3413813,2025-07-29 11:59:40,Unknown,Stake,88463081.20039462
3413814,2025-07-29 12:00:08,bv1qg7jqg468qsplnnngwpc8ur29mmkdh3kfsgaqvy,ProgPoW,14.39971161026187
3413815,2025-07-29 12:01:39,Unknown,Stake,88463248.01844
3413816,2025-07-29 12:01:25,bv1qf85ldqmp5z3z8x659834z4nlhyx6r0c7qalgt3,ProgPoW,18.22342623388868
3413817,2025-07-29 12:01:57,Unknown,Stake,89576642.3888235
3413818,2025-07-29 12:02:53,Unknown,Stake,89794453.5201848
3413819,2025-07-29 12:02:48,bv1qjx2g5rnhx8wa92sy3fem2a030wt64x0ttrxu3n,ProgPoW,18.17564888423762
3413820,2025-07-29 12:03:25,bv1qmce5q6xy8rk8evnzxz9guvuspzsr074ushd26z,RandomX,0.02632864545376387
3413821,2025-07-29 12:05:15,Unknown,Stake,92717746.91952644
3413822,2025-07-29 12:06:03,Unknown,Stake,88541443.67575546
3413823,2025-07-29 12:05:49,bv1qjx2g5rnhx8wa92sy3fem2a030wt64x0ttrxu3n,ProgPoW,14.49314474433278
3413824,2025-07-29 12:05:56,Unknown,Stake,91356330.6123816
3413825,2025-07-29 12:09:22,Unknown,Stake,91899251.52044947
3413826,2025-07-29 12:09:37,Unknown,Stake,88611659.0911369
3413827,2025-07-29 12:09:23,bv1qjx2g5rnhx8wa92sy3fem2a030wt64x0ttrxu3n,ProgPoW,14.30390129031268
3413828,2025-07-29 12:12:49,Unknown,Stake,91281255.89607316
3413829,2025-07-29 12:12:35,bv1qjx2g5rnhx8wa92sy3fem2a030wt64x0ttrxu3n,ProgPoW,14.01778358569359
3413830,2025-07-29 12:13:43,Unknown,Stake,88617964.13207373
3413831,2025-07-29 12:13:40,bv1qjx2g5rnhx8wa92sy3fem2a030wt64x0ttrxu3n,ProgPoW,17.76586112796597
3413832,2025-07-29 12:14:17,Unknown,Stake,91592281.02311587
3413833,2025-07-29 12:14:11,Unknown,Stake,91375311.40422934
3413834,2025-07-29 12:16:29,Unknown,Stake,91853097.3197183
3413835,2025-07-29 12:17:57,Unknown,Stake,88639620.13048859
3413836,2025-07-29 12:17:45,bv1qjx2g5rnhx8wa92sy3fem2a030wt64x0ttrxu3n,ProgPoW,14.07191565385873
3413837,2025-07-29 12:18:26,bv1qjx2g5rnhx8wa92sy3fem2a030wt64x0ttrxu3n,ProgPoW,13.8487978749222
3413838,2025-07-29 12:19:07,Unknown,Stake,88642718.69660531
3413839,2025-07-29 12:19:08,bv1qjx2g5rnhx8wa92sy3fem2a030wt64x0ttrxu3n,ProgPoW,17.45721530894361
3413840,2025-07-29 12:19:37,Unknown,Stake,91485496.24865845
3413841,2025-07-29 12:19:23,bv1qf85ldqmp5z3z8x659834z4nlhyx6r0c7qalgt3,ProgPoW,17.39395849576166
3413842,2025-07-29 12:20:19,bv1qjx2g5rnhx8wa92sy3fem2a030wt64x0ttrxu3n,ProgPoW,17.33735533654308
3413843,2025-07-29 12:23:08,Unknown,Stake,92812461.62418611
3413844,2025-07-29 12:23:27,Unknown,Stake,88674498.47799808
3413845,2025-07-29 12:23:28,Unknown,Stake,92660272.63174355
3413846,2025-07-29 12:24:01,bv1qg7jqg468qsplnnngwpc8ur29mmkdh3kfsgaqvy,ProgPoW,14.20193597812607
3413847,2025-07-29 12:24:15,Unknown,Stake,93365509.39204264
3413848,2025-07-29 12:25:42,Unknown,Stake,93602689.43495
3413849,2025-07-29 12:25:28,bv1qf85ldqmp5z3z8x659834z4nlhyx6r0c7qalgt3,ProgPoW,17.1660455893277
3413850,2025-07-29 12:29:56,Unknown,Stake,94424541.31172201
3413851,2025-07-29 12:30:14,Unknown,Stake,88798203.83167407
3413852,2025-07-29 12:30:51,Unknown,Stake,92527375.42130145
3413853,2025-07-29 12:31:44,Unknown,Stake,92376543.60983436
3413854,2025-07-29 12:32:15,Unknown,Stake,92417004.57712436
3413855,2025-07-29 12:32:07,bv1qf85ldqmp5z3z8x659834z4nlhyx6r0c7qalgt3,ProgPoW,14.26658344402285
3413856,2025-07-29 12:33:42,Unknown,Stake,94379993.5631706
3413857,2025-07-29 12:33:34,bv1qf85ldqmp5z3z8x659834z4nlhyx6r0c7qalgt3,ProgPoW,16.99340499947835
3413858,2025-07-29 12:37:29,Unknown,Stake,94260868.16884466
3413859,2025-07-29 12:37:53,Unknown,Stake,88915260.37774758
3413860,2025-07-29 12:37:52,bv1qjx2g5rnhx8wa92sy3fem2a030wt64x0ttrxu3n,ProgPoW,13.87358034655504
3413861,2025-07-29 12:41:51,Unknown,Stake,94237893.1848226
3413862,2025-07-29 12:42:39,Unknown,Stake,88937623.97848845
3413863,2025-07-29 12:43:54,Unknown,Stake,92195540.9865328
3413864,2025-07-29 12:43:40,bv1qzggn4kvtxdxhzr3yueamu2lqrtvxytaeye8mcm,ProgPoW,14.3946213734511
3413865,2025-07-29 12:44:20,bv1qf85ldqmp5z3z8x659834z4nlhyx6r0c7qalgt3,ProgPoW,14.05182024147043
3413866,2025-07-29 12:44:39,bv1qzggn4kvtxdxhzr3yueamu2lqrtvxytaeye8mcm,ProgPoW,16.61363138980681
3413867,2025-07-29 12:45:00,bv1qmce5q6xy8rk8evnzxz9guvuspzsr074ushd26z,RandomX,0.02472288376679645
3413868,2025-07-29 12:48:44,VGFf24bPSfe4ETQftBSbzBKsV5wWKt35Hf,SHA256D,13.49738008445839
3413869,2025-07-29 12:51:11,Unknown,Stake,88946870.51158153
3413870,2025-07-29 12:51:50,bv1qg7jqg468qsplnnngwpc8ur29mmkdh3kfsgaqvy,ProgPoW,14.26511564234837
3413871,2025-07-29 12:51:56,bv1qf85ldqmp5z3z8x659834z4nlhyx6r0c7qalgt3,ProgPoW,13.81313160421089
3413872,2025-07-29 12:52:11,VGFf24bPSfe4ETQftBSbzBKsV5wWKt35Hf,SHA256D,15.23788763518356
3413873,2025-07-29 12:52:28,bv1qjx2g5rnhx8wa92sy3fem2a030wt64x0ttrxu3n,ProgPoW,16.3453448245626
3413874,2025-07-29 12:54:04,bv1qg7jqg468qsplnnngwpc8ur29mmkdh3kfsgaqvy,ProgPoW,16.3021596016033
3413875,2025-07-29 12:57:37,Unknown,Stake,88932874.986962
3413876,2025-07-29 12:58:12,Unknown,Stake,88918546.7848285
3413877,2025-07-29 12:57:58,VB9RkKJanyR8SGRzZRtyyBbdRp4kAJ3uT1,SHA256D,15.20642519902001
3413878,2025-07-29 12:59:32,VHU81LE2bTUe5AWSHSrDHcocqRWCK4dCRo,RandomX,0.02487367694318129
3413879,2025-07-29 13:00:50,Unknown,Stake,88889342.79248983
3413880,2025-07-29 13:01:15,Unknown,Stake,88859568.8657181
3413881,2025-07-29 13:01:01,Unknown,Stake,91552449.48424743
3413882,2025-07-29 13:01:42,Unknown,Stake,93315705.40705964
3413883,2025-07-29 13:01:35,bv1qjx2g5rnhx8wa92sy3fem2a030wt64x0ttrxu3n,ProgPoW,14.56992268204631
3413884,2025-07-29 13:02:43,bv1qf85ldqmp5z3z8x659834z4nlhyx6r0c7qalgt3,ProgPoW,15.54144611662087
3413885,2025-07-29 13:03:55,Unknown,Stake,93357488.87748066
3413886,2025-07-29 13:03:41,bv1qzggn4kvtxdxhzr3yueamu2lqrtvxytaeye8mcm,ProgPoW,16.15133792545741
3413887,2025-07-29 13:04:29,bv1qf85ldqmp5z3z8x659834z4nlhyx6r0c7qalgt3,ProgPoW,16.08447509378718
3413888,2025-07-29 13:05:21,bv1qg7jqg468qsplnnngwpc8ur29mmkdh3kfsgaqvy,ProgPoW,16.06394570589801
3413889,2025-07-29 13:05:23,bv1qzggn4kvtxdxhzr3yueamu2lqrtvxytaeye8mcm,ProgPoW,15.99704029734332
3413890,2025-07-29 13:09:33,Unknown,Stake,88918799.59543577
3413891,2025-07-29 13:09:19,bv1qjx2g5rnhx8wa92sy3fem2a030wt64x0ttrxu3n,ProgPoW,15.92955543929578
3413892,2025-07-29 13:11:28,bv1qmce5q6xy8rk8evnzxz9guvuspzsr074ushd26z,RandomX,0.02562142762195932
3413893,2025-07-29 13:13:54,bv1qmce5q6xy8rk8evnzxz9guvuspzsr074ushd26z,RandomX,0.02479661553724487
3413894,2025-07-29 13:16:16,Unknown,Stake,88904784.82117538
3413895,2025-07-29 13:16:27,Unknown,Stake,88904588.25255702
3413896,2025-07-29 13:17:40,Unknown,Stake,92083007.57199417
3413897,2025-07-29 13:17:26,bv1qf85ldqmp5z3z8x659834z4nlhyx6r0c7qalgt3,ProgPoW,15.70922002417673
3413898,2025-07-29 13:18:00,Unknown,Stake,92137686.61653505
3413899,2025-07-29 13:18:47,bv1qf85ldqmp5z3z8x659834z4nlhyx6r0c7qalgt3,ProgPoW,16.01026063854152
3413900,2025-07-29 13:21:41,Unknown,Stake,93054957.64925636
3413901,2025-07-29 13:21:27,bv1qjx2g5rnhx8wa92sy3fem2a030wt64x0ttrxu3n,ProgPoW,15.89091439515495
3413902,2025-07-29 13:21:13,bv1qjx2g5rnhx8wa92sy3fem2a030wt64x0ttrxu3n,ProgPoW,16.20347056624876
3413903,2025-07-29 13:24:42,Unknown,Stake,88970853.00274242
3413904,2025-07-29 13:24:28,bv1qjx2g5rnhx8wa92sy3fem2a030wt64x0ttrxu3n,ProgPoW,15.82364847403339
3413905,2025-07-29 13:25:06,Unknown,Stake,88970937.37195781
3413906,2025-07-29 13:26:59,Unknown,Stake,93440640.83497825
3413907,2025-07-29 13:26:48,Unknown,Stake,93026324.97607504
3413908,2025-07-29 13:31:22,Unknown,Stake,94378411.26092297
3413909,2025-07-29 13:31:11,Unknown,Stake,89068124.35374899
3413910,2025-07-29 13:31:08,bv1qjx2g5rnhx8wa92sy3fem2a030wt64x0ttrxu3n,ProgPoW,15.75850366653548
3413911,2025-07-29 13:32:38,Unknown,Stake,95678251.5955492
3413912,2025-07-29 13:32:25,bv1qf85ldqmp5z3z8x659834z4nlhyx6r0c7qalgt3,ProgPoW,17.01122153171322
3413913,2025-07-29 13:32:58,Unknown,Stake,96525005.92185496
3413914,2025-07-29 13:33:03,Unknown,Stake,96083344.76668774
3413915,2025-07-29 13:33:07,Unknown,Stake,96139299.94533664
3413916,2025-07-29 13:33:51,Unknown,Stake,96295827.55926745
3413917,2025-07-29 13:33:37,VHU81LE2bTUe5AWSHSrDHcocqRWCK4dCRo,RandomX,0.02554687902002273
3413918,2025-07-29 13:33:41,Unknown,Stake,96874626.95713496
3413919,2025-07-29 13:33:37,bv1qzggn4kvtxdxhzr3yueamu2lqrtvxytaeye8mcm,ProgPoW,18.66346282205313
3413920,2025-07-29 13:35:07,bv1qf85ldqmp5z3z8x659834z4nlhyx6r0c7qalgt3,ProgPoW,18.56462168005967
3413921,2025-07-29 13:35:16,bv1qf85ldqmp5z3z8x659834z4nlhyx6r0c7qalgt3,ProgPoW,18.49330515845065
3413922,2025-07-29 13:36:42,bv1qjx2g5rnhx8wa92sy3fem2a030wt64x0ttrxu3n,ProgPoW,18.56706659126349
3413923,2025-07-29 13:37:05,bv1qf85ldqmp5z3z8x659834z4nlhyx6r0c7qalgt3,ProgPoW,18.46263555108518
3413924,2025-07-29 13:40:24,Unknown,Stake,89491628.79754598
3413925,2025-07-29 13:41:07,Unknown,Stake,89496181.54684588
3413926,2025-07-29 13:41:13,Unknown,Stake,95515619.7856223
3413927,2025-07-29 13:40:59,VHU81LE2bTUe5AWSHSrDHcocqRWCK4dCRo,RandomX,0.02557025352534727
3413928,2025-07-29 13:44:11,bv1qf85ldqmp5z3z8x659834z4nlhyx6r0c7qalgt3,ProgPoW,15.89235948627496
3413929,2025-07-29 13:44:13,bv1qf85ldqmp5z3z8x659834z4nlhyx6r0c7qalgt3,ProgPoW,15.91831041775583
3413930,2025-07-29 13:46:13,Unknown,Stake,89552246.76850067
3413931,2025-07-29 13:46:37,Unknown,Stake,89571938.92796521
3413932,2025-07-29 13:46:23,bv1qzggn4kvtxdxhzr3yueamu2lqrtvxytaeye8mcm,ProgPoW,19.43343248728142
3413933,2025-07-29 13:47:17,bv1qg7jqg468qsplnnngwpc8ur29mmkdh3kfsgaqvy,ProgPoW,19.72557900009171
3413934,2025-07-29 13:47:03,bv1qf85ldqmp5z3z8x659834z4nlhyx6r0c7qalgt3,ProgPoW,19.84100665823054
3413935,2025-07-29 13:48:10,bv1qf85ldqmp5z3z8x659834z4nlhyx6r0c7qalgt3,ProgPoW,20.23890579120956
3413936,2025-07-29 13:48:28,bv1qf85ldqmp5z3z8x659834z4nlhyx6r0c7qalgt3,ProgPoW,20.40307633933132
3413937,2025-07-29 13:48:47,Unknown,Stake,89577184.03118311
3413938,2025-07-29 13:48:41,bv1qjx2g5rnhx8wa92sy3fem2a030wt64x0ttrxu3n,ProgPoW,21.02652604666028
3413939,2025-07-29 13:51:27,Unknown,Stake,89608981.36077851
3413940,2025-07-29 13:51:26,Unknown,Stake,89640458.69592191
3413941,2025-07-29 13:51:26,bv1qzggn4kvtxdxhzr3yueamu2lqrtvxytaeye8mcm,ProgPoW,21.42022139090689
3413942,2025-07-29 13:52:36,bv1qjx2g5rnhx8wa92sy3fem2a030wt64x0ttrxu3n,ProgPoW,21.31241171150113
3413943,2025-07-29 13:52:52,Unknown,Stake,98367895.01649538
3413944,2025-07-29 13:53:23,Unknown,Stake,98432429.4127011
3413945,2025-07-29 13:54:04,VGFf24bPSfe4ETQftBSbzBKsV5wWKt35Hf,SHA256D,13.62823749597902
3413946,2025-07-29 13:54:27,VGFf24bPSfe4ETQftBSbzBKsV5wWKt35Hf,SHA256D,13.07374366455329
3413947,2025-07-29 13:55:17,Unknown,Stake,99991716.25091831
3413948,2025-07-29 13:55:10,bv1qjx2g5rnhx8wa92sy3fem2a030wt64x0ttrxu3n,ProgPoW,22.68889084233232
3413949,2025-07-29 13:59:22,Unknown,Stake,100145299.3672079
3413950,2025-07-29 13:59:08,bv1qzggn4kvtxdxhzr3yueamu2lqrtvxytaeye8mcm,ProgPoW,16.55703293156996
3413951,2025-07-29 14:03:11,VGFf24bPSfe4ETQftBSbzBKsV5wWKt35Hf,SHA256D,15.16185821545669
3413952,2025-07-29 14:03:37,bv1qzggn4kvtxdxhzr3yueamu2lqrtvxytaeye8mcm,ProgPoW,16.52425457478777
3413953,2025-07-29 14:04:14,bv1qjx2g5rnhx8wa92sy3fem2a030wt64x0ttrxu3n,ProgPoW,16.49158953469169
3413954,2025-07-29 14:05:28,bv1qmce5q6xy8rk8evnzxz9guvuspzsr074ushd26z,RandomX,0.0249593056868446
3413955,2025-07-29 14:07:27,Unknown,Stake,90091894.25962356
3413956,2025-07-29 14:07:13,bv1qmce5q6xy8rk8evnzxz9guvuspzsr074ushd26z,RandomX,0.02542670776221692
3413957,2025-07-29 14:09:52,Unknown,Stake,90103545.59757838
3413958,2025-07-29 14:09:40,bv1qzggn4kvtxdxhzr3yueamu2lqrtvxytaeye8mcm,ProgPoW,16.52939918835599
3413959,2025-07-29 14:09:55,bv1qjx2g5rnhx8wa92sy3fem2a030wt64x0ttrxu3n,ProgPoW,16.5742732128797
3413960,2025-07-29 14:12:19,Unknown,Stake,90115344.20551127
3413961,2025-07-29 14:13:14,Unknown,Stake,90155436.3924332
3413962,2025-07-29 14:13:00,bv1qmce5q6xy8rk8evnzxz9guvuspzsr074ushd26z,RandomX,0.0253729869737675
3413963,2025-07-29 14:13:56,bv1qf85ldqmp5z3z8x659834z4nlhyx6r0c7qalgt3,ProgPoW,16.54633715276476
3413964,2025-07-29 14:15:36,bv1qzggn4kvtxdxhzr3yueamu2lqrtvxytaeye8mcm,ProgPoW,16.51867401313069
3413965,2025-07-29 14:17:26,Unknown,Stake,90185854.03472662
3413966,2025-07-29 14:17:51,bv1qg7jqg468qsplnnngwpc8ur29mmkdh3kfsgaqvy,ProgPoW,21.22615262572575
3413967,2025-07-29 14:18:03,bv1qg7jqg468qsplnnngwpc8ur29mmkdh3kfsgaqvy,ProgPoW,21.13520922357494
3413968,2025-07-29 14:18:35,Unknown,Stake,90225459.48242055
3413969,2025-07-29 14:18:22,bv1qf85ldqmp5z3z8x659834z4nlhyx6r0c7qalgt3,ProgPoW,21.6315015859099
3413970,2025-07-29 14:19:41,Unknown,Stake,98586815.43093756
3413971,2025-07-29 14:19:35,Unknown,Stake,99161070.46748306
3413972,2025-07-29 14:19:35,bv1qmce5q6xy8rk8evnzxz9guvuspzsr074ushd26z,RandomX,0.02547987387394393
3413973,2025-07-29 14:24:05,bv1qg7jqg468qsplnnngwpc8ur29mmkdh3kfsgaqvy,ProgPoW,22.31741432909917
3413974,2025-07-29 14:23:51,bv1qjx2g5rnhx8wa92sy3fem2a030wt64x0ttrxu3n,ProgPoW,16.85389804457348
3413975,2025-07-29 14:23:37,VGFf24bPSfe4ETQftBSbzBKsV5wWKt35Hf,SHA256D,13.50580097954925
3413976,2025-07-29 14:24:54,Unknown,Stake,90418781.09962618
3413977,2025-07-29 14:25:19,Unknown,Stake,90461033.50471619
3413978,2025-07-29 14:25:08,bv1qmce5q6xy8rk8evnzxz9guvuspzsr074ushd26z,RandomX,0.02610731506770732
3413979,2025-07-29 14:28:04,Unknown,Stake,99225320.90074249
3413980,2025-07-29 14:28:00,bv1qjx2g5rnhx8wa92sy3fem2a030wt64x0ttrxu3n,ProgPoW,16.91092837458345
3413981,2025-07-29 14:31:26,Unknown,Stake,90579049.23069298
3413982,2025-07-29 14:31:17,bv1qf85ldqmp5z3z8x659834z4nlhyx6r0c7qalgt3,ProgPoW,16.89737066334701
3413983,2025-07-29 14:31:59,bv1qzggn4kvtxdxhzr3yueamu2lqrtvxytaeye8mcm,ProgPoW,16.95411353229899
3413984,2025-07-29 14:34:19,Unknown,Stake,90596279.51472673
3413985,2025-07-29 14:34:05,bv1qjx2g5rnhx8wa92sy3fem2a030wt64x0ttrxu3n,ProgPoW,22.03270834728685
3413986,2025-07-29 14:36:00,Unknown,Stake,90613603.86860915
3413987,2025-07-29 14:35:45,bv1qf85ldqmp5z3z8x659834z4nlhyx6r0c7qalgt3,ProgPoW,21.80366388721382
3413988,2025-07-29 14:38:54,bv1qzggn4kvtxdxhzr3yueamu2lqrtvxytaeye8mcm,ProgPoW,21.75760130206138
3413989,2025-07-29 14:40:09,bv1qg7jqg468qsplnnngwpc8ur29mmkdh3kfsgaqvy,ProgPoW,17.18952580894038
3413990,2025-07-29 14:40:01,Unknown,Stake,90630993.21415807
3413991,2025-07-29 14:39:47,bv1qmce5q6xy8rk8evnzxz9guvuspzsr074ushd26z,RandomX,0.02541432307582531
3413992,2025-07-29 14:40:39,bv1qf85ldqmp5z3z8x659834z4nlhyx6r0c7qalgt3,ProgPoW,22.02946811122827
3413993,2025-07-29 14:41:34,bv1qjx2g5rnhx8wa92sy3fem2a030wt64x0ttrxu3n,ProgPoW,23.16917251179729
3413994,2025-07-29 14:43:20,bv1qf85ldqmp5z3z8x659834z4nlhyx6r0c7qalgt3,ProgPoW,23.4479481424127
3413995,2025-07-29 14:44:04,bv1qmce5q6xy8rk8evnzxz9guvuspzsr074ushd26z,RandomX,0.02620123475842569
3413996,2025-07-29 14:44:46,Unknown,Stake,90648447.62239942
3413997,2025-07-29 14:46:12,Unknown,Stake,90685275.70175967
3413998,2025-07-29 14:46:00,Unknown,Stake,97272755.20804197
3413999,2025-07-29 14:46:14,Unknown,Stake,97536143.8485222
3414000,2025-07-29 14:46:05,bv1qjx2g5rnhx8wa92sy3fem2a030wt64x0ttrxu3n,ProgPoW,17.53223097831482
3414001,2025-07-29 14:51:04,Unknown,Stake,99102485.72224894
3414002,2025-07-29 14:51:23,Unknown,Stake,90926667.2707626
3414003,2025-07-29 14:52:01,Unknown,Stake,97128620.91749349
3414004,2025-07-29 14:51:48,bv1qjx2g5rnhx8wa92sy3fem2a030wt64x0ttrxu3n,ProgPoW,17.60963142177881
3414005,2025-07-29 14:56:08,Unknown,Stake,98528803.59688945
3414006,2025-07-29 14:56:04,bv1qmce5q6xy8rk8evnzxz9guvuspzsr074ushd26z,RandomX,0.02546436969905144
3414007,2025-07-29 14:56:18,bv1qmce5q6xy8rk8evnzxz9guvuspzsr074ushd26z,RandomX,0.02541905465242202
3414008,2025-07-29 14:58:10,Unknown,Stake,91139207.13367613
3414009,2025-07-29 14:57:56,bv1qmce5q6xy8rk8evnzxz9guvuspzsr074ushd26z,RandomX,0.02746953348529216
3414010,2025-07-29 14:59:11,bv1qf85ldqmp5z3z8x659834z4nlhyx6r0c7qalgt3,ProgPoW,17.67541923514148
3414011,2025-07-29 14:59:55,Unknown,Stake,91195016.22998442
3414012,2025-07-29 14:59:41,VHU81LE2bTUe5AWSHSrDHcocqRWCK4dCRo,RandomX,0.0278735226416282
3414013,2025-07-29 15:01:58,Unknown,Stake,98519733.56066753
3414014,2025-07-29 15:04:50,Unknown,Stake,91330422.70219547
3414015,2025-07-29 15:04:36,bv1qf85ldqmp5z3z8x659834z4nlhyx6r0c7qalgt3,ProgPoW,17.75172496981766
3414016,2025-07-29 15:05:26,bv1qzggn4kvtxdxhzr3yueamu2lqrtvxytaeye8mcm,ProgPoW,17.7720151269584
3414017,2025-07-29 15:06:28,Unknown,Stake,91390976.4960654
3414018,2025-07-29 15:06:26,bv1qzggn4kvtxdxhzr3yueamu2lqrtvxytaeye8mcm,ProgPoW,22.991491058691
3414019,2025-07-29 15:07:55,Unknown,Stake,98536219.50602831
3414020,2025-07-29 15:07:45,bv1qjx2g5rnhx8wa92sy3fem2a030wt64x0ttrxu3n,ProgPoW,23.11003361066726
3414021,2025-07-29 15:11:14,Unknown,Stake,98967460.30898644
3414022,2025-07-29 15:12:45,Unknown,Stake,91603369.70947154
3414023,2025-07-29 15:13:23,Unknown,Stake,98498771.9592414
3414024,2025-07-29 15:13:09,bv1qjx2g5rnhx8wa92sy3fem2a030wt64x0ttrxu3n,ProgPoW,18.09706877916497
3414025,2025-07-29 15:14:48,Unknown,Stake,98823988.51744364
3414026,2025-07-29 15:14:43,bv1qjx2g5rnhx8wa92sy3fem2a030wt64x0ttrxu3n,ProgPoW,23.70219673562458
3414027,2025-07-29 15:16:28,bv1qmce5q6xy8rk8evnzxz9guvuspzsr074ushd26z,RandomX,0.0254723273393263
3414028,2025-07-29 15:20:23,Unknown,Stake,91816902.18389106
3414029,2025-07-29 15:20:29,Unknown,Stake,91846952.92291687
3414030,2025-07-29 15:20:15,bv1qf85ldqmp5z3z8x659834z4nlhyx6r0c7qalgt3,ProgPoW,18.2763917303406
3414031,2025-07-29 15:20:11,bv1qjx2g5rnhx8wa92sy3fem2a030wt64x0ttrxu3n,ProgPoW,18.33014664589311
3414032,2025-07-29 15:21:41,VHU81LE2bTUe5AWSHSrDHcocqRWCK4dCRo,RandomX,0.02769142620035266
3414033,2025-07-29 15:21:50,bv1qmce5q6xy8rk8evnzxz9guvuspzsr074ushd26z,RandomX,0.02783183093399607
3414034,2025-07-29 15:22:41,Unknown,Stake,98607399.98394091
3414035,2025-07-29 15:22:40,Unknown,Stake,91964498.24901614
3414036,2025-07-29 15:24:54,VGFf24bPSfe4ETQftBSbzBKsV5wWKt35Hf,SHA256D,13.05473008462212
3414037,2025-07-29 15:25:41,bv1qmce5q6xy8rk8evnzxz9guvuspzsr074ushd26z,RandomX,0.02814377352024561
3414038,2025-07-29 15:30:58,Unknown,Stake,91986979.21641153
3414039,2025-07-29 15:31:06,Unknown,Stake,92018224.36457005
3414040,2025-07-29 15:31:59,Unknown,Stake,96922462.47379464
3414041,2025-07-29 15:31:50,bv1qjx2g5rnhx8wa92sy3fem2a030wt64x0ttrxu3n,ProgPoW,18.37145535299734
3414042,2025-07-29 15:32:46,Unknown,Stake,97253933.75033991
3414043,2025-07-29 15:33:43,bv1qjx2g5rnhx8wa92sy3fem2a030wt64x0ttrxu3n,ProgPoW,21.62291464747489
3414044,2025-07-29 15:36:16,Unknown,Stake,97908533.03247875
3414045,2025-07-29 15:37:27,Unknown,Stake,92265413.04082423
3414046,2025-07-29 15:38:12,bv1qg7jqg468qsplnnngwpc8ur29mmkdh3kfsgaqvy,ProgPoW,18.50599347650317
3414047,2025-07-29 15:38:20,bv1qf85ldqmp5z3z8x659834z4nlhyx6r0c7qalgt3,ProgPoW,18.55449961789385
3414048,2025-07-29 15:39:20,VHU81LE2bTUe5AWSHSrDHcocqRWCK4dCRo,RandomX,0.02546440927699496
3414049,2025-07-29 15:39:54,Unknown,Stake,92299087.32218195
3414050,2025-07-29 15:40:46,bv1qg7jqg468qsplnnngwpc8ur29mmkdh3kfsgaqvy,ProgPoW,22.7122962393373
3414051,2025-07-29 15:40:00,bv1qjx2g5rnhx8wa92sy3fem2a030wt64x0ttrxu3n,ProgPoW,22.7122962393373
3414052,2025-07-29 15:43:29,bv1qjx2g5rnhx8wa92sy3fem2a030wt64x0ttrxu3n,ProgPoW,22.80014188117588
3414053,2025-07-29 15:44:11,Unknown,Stake,92334845.8612983
3414054,2025-07-29 15:44:05,bv1qzggn4kvtxdxhzr3yueamu2lqrtvxytaeye8mcm,ProgPoW,22.80135038897074
3414055,2025-07-29 15:45:16,bv1qmce5q6xy8rk8evnzxz9guvuspzsr074ushd26z,RandomX,0.027408758757754
3414056,2025-07-29 15:45:20,bv1qf85ldqmp5z3z8x659834z4nlhyx6r0c7qalgt3,ProgPoW,22.80485268630849
3414057,2025-07-29 15:46:12,Unknown,Stake,92368843.6622827
3414058,2025-07-29 15:45:57,bv1qf85ldqmp5z3z8x659834z4nlhyx6r0c7qalgt3,ProgPoW,23.25982101388494
3414059,2025-07-29 15:46:53,bv1qg7jqg468qsplnnngwpc8ur29mmkdh3kfsgaqvy,ProgPoW,24.46052437820665
3414060,2025-07-29 15:48:04,bv1qf85ldqmp5z3z8x659834z4nlhyx6r0c7qalgt3,ProgPoW,24.70240575531941
3414061,2025-07-29 15:48:08,bv1qmce5q6xy8rk8evnzxz9guvuspzsr074ushd26z,RandomX,0.02782586321317707
3414062,2025-07-29 15:48:41,bv1qmce5q6xy8rk8evnzxz9guvuspzsr074ushd26z,RandomX,0.02864825356469343
3414063,2025-07-29 15:50:41,Unknown,Stake,92397588.5963131
3414064,2025-07-29 15:50:51,Unknown,Stake,92422011.58280396
3414065,2025-07-29 15:50:48,bv1qjx2g5rnhx8wa92sy3fem2a030wt64x0ttrxu3n,ProgPoW,24.8518469690214
3414066,2025-07-29 15:51:11,bv1qjx2g5rnhx8wa92sy3fem2a030wt64x0ttrxu3n,ProgPoW,24.73281362408746
3414067,2025-07-29 15:51:34,bv1qf85ldqmp5z3z8x659834z4nlhyx6r0c7qalgt3,ProgPoW,24.79865548603382
3414068,2025-07-29 15:54:43,Unknown,Stake,101267570.9417642
3414069,2025-07-29 15:56:02,Unknown,Stake,92558410.52051854
3414070,2025-07-29 15:56:33,Unknown,Stake,99681263.58129933
3414071,2025-07-29 15:56:55,Unknown,Stake,99946269.02136907
3414072,2025-07-29 15:57:57,Unknown,Stake,100096508.6838267
3414073,2025-07-29 15:57:43,VHU81LE2bTUe5AWSHSrDHcocqRWCK4dCRo,RandomX,0.02870527325527917
3414074,2025-07-29 15:57:49,bv1qmce5q6xy8rk8evnzxz9guvuspzsr074ushd26z,RandomX,0.02868675213525562
3414075,2025-07-29 15:58:03,bv1qjx2g5rnhx8wa92sy3fem2a030wt64x0ttrxu3n,ProgPoW,19.68461365172336
3414076,2025-07-29 15:58:23,VGFf24bPSfe4ETQftBSbzBKsV5wWKt35Hf,SHA256D,12.76976837471067
3414077,2025-07-29 15:59:19,Unknown,Stake,101468575.0790149
3414078,2025-07-29 16:00:47,Unknown,Stake,100726480.59851
3414079,2025-07-29 16:00:33,bv1qmce5q6xy8rk8evnzxz9guvuspzsr074ushd26z,RandomX,0.02972637312392952
3414079,2025-07-29 16:00:33,bv1qmce5q6xy8rk8evnzxz9guvuspzsr074ushd26z,RandomX,0.02972637312392952
3414080,2025-07-29 16:01:00,bv1qf85ldqmp5z3z8x659834z4nlhyx6r0c7qalgt3,ProgPoW,24.04223487128338
3414080,2025-07-29 16:01:00,bv1qf85ldqmp5z3z8x659834z4nlhyx6r0c7qalgt3,ProgPoW,24.04223487128338
3414081,2025-07-29 16:03:00,bv1qg7jqg468qsplnnngwpc8ur29mmkdh3kfsgaqvy,ProgPoW,19.78606421847396
3414081,2025-07-29 16:03:00,bv1qg7jqg468qsplnnngwpc8ur29mmkdh3kfsgaqvy,ProgPoW,19.78606421847396
3414082,2025-07-29 16:03:08,Unknown,Stake,92989844.63077535
3414082,2025-07-29 16:03:08,Unknown,Stake,92989844.63077535
3414083,2025-07-29 16:03:35,Unknown,Stake,92999061.89801946
3414083,2025-07-29 16:03:35,Unknown,Stake,92999061.89801946
3414084,2025-07-29 16:03:24,VGFf24bPSfe4ETQftBSbzBKsV5wWKt35Hf,SHA256D,14.95605972810341
3414085,2025-07-29 16:04:35,bv1qmce5q6xy8rk8evnzxz9guvuspzsr074ushd26z,RandomX,0.02982496859811043
3414086,2025-07-29 16:06:36,Unknown,Stake,103166792.3526788
3414087,2025-07-29 16:06:33,bv1qf85ldqmp5z3z8x659834z4nlhyx6r0c7qalgt3,ProgPoW,19.8672042915253
3414088,2025-07-29 16:07:10,bv1qf85ldqmp5z3z8x659834z4nlhyx6r0c7qalgt3,ProgPoW,19.9496767994825
3414089,2025-07-29 16:07:14,bv1qzggn4kvtxdxhzr3yueamu2lqrtvxytaeye8mcm,ProgPoW,24.54092260163363
3414090,2025-07-29 16:07:37,bv1qf85ldqmp5z3z8x659834z4nlhyx6r0c7qalgt3,ProgPoW,24.56971051402177
3414091,2025-07-29 16:07:52,VHU81LE2bTUe5AWSHSrDHcocqRWCK4dCRo,RandomX,0.02963603771127576
3414092,2025-07-29 16:10:32,Unknown,Stake,93128573.08305882
3414093,2025-07-29 16:13:33,Unknown,Stake,93168091.99788421
3414094,2025-07-29 16:13:22,bv1qf85ldqmp5z3z8x659834z4nlhyx6r0c7qalgt3,ProgPoW,20.08980981872786
3414095,2025-07-29 16:14:29,bv1qmce5q6xy8rk8evnzxz9guvuspzsr074ushd26z,RandomX,0.03029993397679756
3414096,2025-07-29 16:15:59,Unknown,Stake,93181447.22827
3414097,2025-07-29 16:16:02,bv1qjx2g5rnhx8wa92sy3fem2a030wt64x0ttrxu3n,ProgPoW,23.84418596718627
3414098,2025-07-29 16:19:37,bv1qf85ldqmp5z3z8x659834z4nlhyx6r0c7qalgt3,ProgPoW,23.50339726257688
3414099,2025-07-29 16:23:46,Unknown,Stake,93196781.16221042
3414100,2025-07-29 16:24:29,bv1qg7jqg468qsplnnngwpc8ur29mmkdh3kfsgaqvy,ProgPoW,20.16895461884227
3414101,2025-07-29 16:24:35,Unknown,Stake,93208169.17881176
3414102,2025-07-29 16:24:21,bv1qjx2g5rnhx8wa92sy3fem2a030wt64x0ttrxu3n,ProgPoW,22.81806571651236
3414103,2025-07-29 16:25:49,Unknown,Stake,100384096.270123
3414104,2025-07-29 16:26:25,bv1qg7jqg468qsplnnngwpc8ur29mmkdh3kfsgaqvy,ProgPoW,23.25524273419209
3414105,2025-07-29 16:26:39,bv1qmce5q6xy8rk8evnzxz9guvuspzsr074ushd26z,RandomX,0.02586776513719172
3414106,2025-07-29 16:32:35,Unknown,Stake,100132794.4489561
3414107,2025-07-29 16:32:51,Unknown,Stake,93412514.38034171
3414108,2025-07-29 16:35:51,Unknown,Stake,98511699.52424568
3414109,2025-07-29 16:35:40,Unknown,Stake,93499522.40297875
3414110,2025-07-29 16:35:40,bv1qmce5q6xy8rk8evnzxz9guvuspzsr074ushd26z,RandomX,0.03325209947165009
3414111,2025-07-29 16:41:23,Unknown,Stake,97814625.53716248
3414112,2025-07-29 16:41:18,bv1qzggn4kvtxdxhzr3yueamu2lqrtvxytaeye8mcm,ProgPoW,20.17759015713229
3414113,2025-07-29 16:41:45,Unknown,Stake,93542092.42501314
3414114,2025-07-29 16:43:19,Unknown,Stake,97695798.6928433
3414115,2025-07-29 16:43:18,bv1qzggn4kvtxdxhzr3yueamu2lqrtvxytaeye8mcm,ProgPoW,22.09009070691882
3414116,2025-07-29 16:43:40,bv1qmce5q6xy8rk8evnzxz9guvuspzsr074ushd26z,RandomX,0.0332140125780936
3414117,2025-07-29 16:44:04,Unknown,Stake,97837847.46250665
3414118,2025-07-29 16:44:14,Unknown,Stake,98001051.39910986
3414119,2025-07-29 16:44:57,VGFf24bPSfe4ETQftBSbzBKsV5wWKt35Hf,SHA256D,12.47607142246293
3414120,2025-07-29 16:45:45,bv1qf85ldqmp5z3z8x659834z4nlhyx6r0c7qalgt3,ProgPoW,22.01125952671153
3414121,2025-07-29 16:46:00,bv1qf85ldqmp5z3z8x659834z4nlhyx6r0c7qalgt3,ProgPoW,22.54831361006391
3414122,2025-07-29 16:47:58,Unknown,Stake,98747748.73547967
3414123,2025-07-29 16:50:05,Unknown,Stake,93738664.59721646
3414124,2025-07-29 16:50:58,VGFf24bPSfe4ETQftBSbzBKsV5wWKt35Hf,SHA256D,14.84999495468957
3414125,2025-07-29 16:51:49,Unknown,Stake,93749841.95539574
3414126,2025-07-29 16:51:35,bv1qf85ldqmp5z3z8x659834z4nlhyx6r0c7qalgt3,ProgPoW,20.57502783896081
3414127,2025-07-29 16:52:58,Unknown,Stake,98872727.09316221
3414128,2025-07-29 16:54:12,Unknown,Stake,98529665.85455297
3414129,2025-07-29 16:54:22,Unknown,Stake,99310428.66117363
3414130,2025-07-29 16:54:08,bv1qjx2g5rnhx8wa92sy3fem2a030wt64x0ttrxu3n,ProgPoW,22.53852932957892
3414131,2025-07-29 16:54:37,bv1qzggn4kvtxdxhzr3yueamu2lqrtvxytaeye8mcm,ProgPoW,22.53762100381785
3414132,2025-07-29 16:55:52,Unknown,Stake,100249057.326836
3414133,2025-07-29 16:55:38,bv1qf85ldqmp5z3z8x659834z4nlhyx6r0c7qalgt3,ProgPoW,22.91990786658688
3414134,2025-07-29 16:57:04,VHU81LE2bTUe5AWSHSrDHcocqRWCK4dCRo,RandomX,0.02617052552300119
3414135,2025-07-29 16:57:57,bv1qjx2g5rnhx8wa92sy3fem2a030wt64x0ttrxu3n,ProgPoW,22.82880869992366
3414136,2025-07-29 16:57:58,bv1qf85ldqmp5z3z8x659834z4nlhyx6r0c7qalgt3,ProgPoW,22.57030619383307
3414137,2025-07-29 16:59:56,bv1qf85ldqmp5z3z8x659834z4nlhyx6r0c7qalgt3,ProgPoW,23.42205450593266
3414138,2025-07-29 17:03:08,Unknown,Stake,93994505.2546765
3414139,2025-07-29 17:02:53,bv1qzggn4kvtxdxhzr3yueamu2lqrtvxytaeye8mcm,ProgPoW,20.9704922458867
3414140,2025-07-29 17:03:36,bv1qf85ldqmp5z3z8x659834z4nlhyx6r0c7qalgt3,ProgPoW,21.05621446590609
3414141,2025-07-29 17:08:18,Unknown,Stake,94009762.5842118
3414142,2025-07-29 17:08:04,bv1qzggn4kvtxdxhzr3yueamu2lqrtvxytaeye8mcm,ProgPoW,21.14258709665224
3414143,2025-07-29 17:08:58,bv1qg7jqg468qsplnnngwpc8ur29mmkdh3kfsgaqvy,ProgPoW,21.23149816753397
3414144,2025-07-29 17:10:38,Unknown,Stake,94054401.43370546
3414145,2025-07-29 17:11:18,bv1qg7jqg468qsplnnngwpc8ur29mmkdh3kfsgaqvy,ProgPoW,23.67740952122885
3414146,2025-07-29 17:11:55,Unknown,Stake,94099554.57468756
3414147,2025-07-29 17:11:54,bv1qzggn4kvtxdxhzr3yueamu2lqrtvxytaeye8mcm,ProgPoW,23.60239499392248
3414148,2025-07-29 17:12:45,VGFf24bPSfe4ETQftBSbzBKsV5wWKt35Hf,SHA256D,12.48554190596043
3414149,2025-07-29 17:14:20,Unknown,Stake,94145254.91717197
3414150,2025-07-29 17:14:17,bv1qf85ldqmp5z3z8x659834z4nlhyx6r0c7qalgt3,ProgPoW,24.02563963029899
3414151,2025-07-29 17:16:04,bv1qf85ldqmp5z3z8x659834z4nlhyx6r0c7qalgt3,ProgPoW,23.88587374355762
3414152,2025-07-29 17:16:08,bv1qzggn4kvtxdxhzr3yueamu2lqrtvxytaeye8mcm,ProgPoW,23.8272876139564
3414153,2025-07-29 17:16:16,bv1qjx2g5rnhx8wa92sy3fem2a030wt64x0ttrxu3n,ProgPoW,23.98778374483125
3414154,2025-07-29 17:17:13,bv1qf85ldqmp5z3z8x659834z4nlhyx6r0c7qalgt3,ProgPoW,24.25681605577476
3414155,2025-07-29 17:18:49,Unknown,Stake,94191661.59463182
3414156,2025-07-29 17:18:35,bv1qf85ldqmp5z3z8x659834z4nlhyx6r0c7qalgt3,ProgPoW,24.55827352451661
3414157,2025-07-29 17:20:09,Unknown,Stake,94238808.18290997
3414158,2025-07-29 17:20:58,Unknown,Stake,100297961.1356979
3414159,2025-07-29 17:21:45,Unknown,Stake,100169498.6602438
3414160,2025-07-29 17:25:39,Unknown,Stake,100657572.2381316
3414161,2025-07-29 17:25:26,bv1qf85ldqmp5z3z8x659834z4nlhyx6r0c7qalgt3,ProgPoW,21.70631136734432
3414162,2025-07-29 17:25:54,VHU81LE2bTUe5AWSHSrDHcocqRWCK4dCRo,RandomX,0.02626775433246596
3414163,2025-07-29 17:29:22,Unknown,Stake,94468592.12817115
3414164,2025-07-29 17:30:50,Unknown,Stake,94517888.99366748
3414165,2025-07-29 17:30:35,bv1qjx2g5rnhx8wa92sy3fem2a030wt64x0ttrxu3n,ProgPoW,21.7908067176683
3414166,2025-07-29 17:30:42,bv1qmce5q6xy8rk8evnzxz9guvuspzsr074ushd26z,RandomX,0.03389631508495931
3414167,2025-07-29 17:36:55,Unknown,Stake,100908696.5265724
3414168,2025-07-29 17:36:41,bv1qjx2g5rnhx8wa92sy3fem2a030wt64x0ttrxu3n,ProgPoW,21.8756772192254
3414169,2025-07-29 17:37:43,bv1qmce5q6xy8rk8evnzxz9guvuspzsr074ushd26z,RandomX,0.03390906564962753
3414170,2025-07-29 17:42:28,Unknown,Stake,94638460.82109685
3414171,2025-07-29 17:42:54,Unknown,Stake,94659880.62645473
3414172,2025-07-29 17:42:40,bv1qzggn4kvtxdxhzr3yueamu2lqrtvxytaeye8mcm,ProgPoW,21.96072271461726
3414173,2025-07-29 17:43:47,Unknown,Stake,98722707.86656772
3414174,2025-07-29 17:43:33,bv1qzggn4kvtxdxhzr3yueamu2lqrtvxytaeye8mcm,ProgPoW,24.27229245454993
3414175,2025-07-29 17:43:35,Unknown,Stake,98624468.19348808
3414176,2025-07-29 17:48:26,Unknown,Stake,99421908.84634908
3414177,2025-07-29 17:50:30,Unknown,Stake,94887150.65278709
3414178,2025-07-29 17:50:30,bv1qf85ldqmp5z3z8x659834z4nlhyx6r0c7qalgt3,ProgPoW,22.06594678486407
3414179,2025-07-29 17:52:06,Unknown,Stake,98882695.95422606
3414180,2025-07-29 17:51:52,bv1qmce5q6xy8rk8evnzxz9guvuspzsr074ushd26z,RandomX,0.02667194665529271
3414181,2025-07-29 17:57:30,Unknown,Stake,98696503.02497193
3414182,2025-07-29 17:57:20,bv1qf85ldqmp5z3z8x659834z4nlhyx6r0c7qalgt3,ProgPoW,22.04932952898146
3414183,2025-07-29 17:58:45,bv1qf85ldqmp5z3z8x659834z4nlhyx6r0c7qalgt3,ProgPoW,22.12989356467967
3414184,2025-07-29 18:00:44,Unknown,Stake,95021560.74514116
3414185,2025-07-29 18:00:30,VLWWMuiT12oiDVkaAWhfm2B2nAfg6ye653,SHA256D,12.51845650353908
3414186,2025-07-29 18:00:45,Unknown,Stake,95016139.82409887
3414187,2025-07-29 18:03:04,Unknown,Stake,96529772.76045948
3414188,2025-07-29 18:03:10,Unknown,Stake,95007384.25810406
3414189,2025-07-29 18:03:03,VHU81LE2bTUe5AWSHSrDHcocqRWCK4dCRo,RandomX,0.02667653917749067
3414190,2025-07-29 18:03:36,Unknown,Stake,96339037.0649095
3414191,2025-07-29 18:04:02,Unknown,Stake,95731651.95738393
3414192,2025-07-29 18:03:47,bv1qjx2g5rnhx8wa92sy3fem2a030wt64x0ttrxu3n,ProgPoW,22.10542959238529
3414193,2025-07-29 18:11:41,Unknown,Stake,96654141.55258173
3414194,2025-07-29 18:11:27,bv1qf85ldqmp5z3z8x659834z4nlhyx6r0c7qalgt3,ProgPoW,22.18291394563805
3414195,2025-07-29 18:13:01,bv1qjx2g5rnhx8wa92sy3fem2a030wt64x0ttrxu3n,ProgPoW,22.26088433388354
3414196,2025-07-29 18:14:52,Unknown,Stake,94387241.18547969
3414197,2025-07-29 18:14:38,bv1qf85ldqmp5z3z8x659834z4nlhyx6r0c7qalgt3,ProgPoW,24.12070011588085
3414198,2025-07-29 18:18:53,bv1qzggn4kvtxdxhzr3yueamu2lqrtvxytaeye8mcm,ProgPoW,24.6066115484294
3414199,2025-07-29 18:19:02,bv1qf85ldqmp5z3z8x659834z4nlhyx6r0c7qalgt3,ProgPoW,22.49199633198732
3414200,2025-07-29 18:22:15,Unknown,Stake,93446348.81971774
3414201,2025-07-29 18:22:01,bv1qf85ldqmp5z3z8x659834z4nlhyx6r0c7qalgt3,ProgPoW,22.57185487353838
3414202,2025-07-29 18:22:41,Unknown,Stake,93422869.89215256
3414203,2025-07-29 18:23:40,Unknown,Stake,95112461.24764052
3414204,2025-07-29 18:23:26,bv1qzggn4kvtxdxhzr3yueamu2lqrtvxytaeye8mcm,ProgPoW,24.48669334711142
3414205,2025-07-29 18:25:03,Unknown,Stake,95161499.54421178
3414206,2025-07-29 18:25:01,VPi4AbN1R1G3MGaEn8e6jZTGJNfUMf5bUT,SHA256D,12.41004967138477
3414207,2025-07-29 18:25:58,bv1qzggn4kvtxdxhzr3yueamu2lqrtvxytaeye8mcm,ProgPoW,24.38890932165322
3414208,2025-07-29 18:27:46,Unknown,Stake,92950783.70571788
3414209,2025-07-29 18:28:06,Unknown,Stake,92369116.47313403
3414210,2025-07-29 18:31:30,Unknown,Stake,95266208.53232789
3414211,2025-07-29 18:31:32,Unknown,Stake,91091808.34078811
3414212,2025-07-29 18:31:44,Unknown,Stake,95179326.63616778
3414213,2025-07-29 18:32:07,Unknown,Stake,95141170.65350033
3414214,2025-07-29 18:32:58,bv1qmce5q6xy8rk8evnzxz9guvuspzsr074ushd26z,RandomX,0.02668167642436629
3414215,2025-07-29 18:33:59,bv1qf85ldqmp5z3z8x659834z4nlhyx6r0c7qalgt3,ProgPoW,22.61951212277691
3414216,2025-07-29 18:36:15,Unknown,Stake,92770430.65235448
3414217,2025-07-29 18:36:51,bv1qg7jqg468qsplnnngwpc8ur29mmkdh3kfsgaqvy,ProgPoW,23.15034166050316
3414218,2025-07-29 18:37:24,Unknown,Stake,92637583.35975398
3414219,2025-07-29 18:37:19,bv1qjx2g5rnhx8wa92sy3fem2a030wt64x0ttrxu3n,ProgPoW,22.88526647478481
3414220,2025-07-29 18:37:38,VHU81LE2bTUe5AWSHSrDHcocqRWCK4dCRo,RandomX,0.0314739369291792
3414221,2025-07-29 18:42:09,VHU81LE2bTUe5AWSHSrDHcocqRWCK4dCRo,RandomX,0.03169092750183516
3414222,2025-07-29 18:43:35,Unknown,Stake,92033809.7606414
3414223,2025-07-29 18:43:22,bv1qf85ldqmp5z3z8x659834z4nlhyx6r0c7qalgt3,ProgPoW,22.50569451636184
3414224,2025-07-29 18:45:54,Unknown,Stake,92300752.00758158
3414225,2025-07-29 18:45:39,bv1qf85ldqmp5z3z8x659834z4nlhyx6r0c7qalgt3,ProgPoW,22.55719648484979
3414226,2025-07-29 18:50:39,Unknown,Stake,95185538.72624087
3414227,2025-07-29 18:50:32,VHU81LE2bTUe5AWSHSrDHcocqRWCK4dCRo,RandomX,0.03150593918322529
3414228,2025-07-29 18:56:05,Unknown,Stake,90694801.54888701
3414229,2025-07-29 18:56:11,Unknown,Stake,88894143.2849223
3414230,2025-07-29 18:57:02,Unknown,Stake,95150369.04385723
3414231,2025-07-29 18:57:54,Unknown,Stake,95118311.03087223
3414232,2025-07-29 18:57:40,VGFf24bPSfe4ETQftBSbzBKsV5wWKt35Hf,SHA256D,12.32390263968825
3414233,2025-07-29 18:58:18,VGFf24bPSfe4ETQftBSbzBKsV5wWKt35Hf,SHA256D,12.74095630685296
3414234,2025-07-29 19:00:02,Unknown,Stake,95159504.86998978
3414235,2025-07-29 19:00:24,Unknown,Stake,89261608.06976005
3414236,2025-07-29 19:01:38,Unknown,Stake,95115836.03476702
3414237,2025-07-29 19:01:24,bv1qzggn4kvtxdxhzr3yueamu2lqrtvxytaeye8mcm,ProgPoW,20.65148913384664
3414238,2025-07-29 19:02:57,bv1qg7jqg468qsplnnngwpc8ur29mmkdh3kfsgaqvy,ProgPoW,19.05264616300119
3414239,2025-07-29 19:03:53,bv1qf85ldqmp5z3z8x659834z4nlhyx6r0c7qalgt3,ProgPoW,22.35345375474164
3414240,2025-07-29 19:07:16,VGFf24bPSfe4ETQftBSbzBKsV5wWKt35Hf,SHA256D,14.57606208199174
3414241,2025-07-29 19:07:58,bv1qzggn4kvtxdxhzr3yueamu2lqrtvxytaeye8mcm,ProgPoW,21.01143690166669
3414242,2025-07-29 19:10:52,Unknown,Stake,89365900.11736569
3414243,2025-07-29 19:11:17,bv1qg7jqg468qsplnnngwpc8ur29mmkdh3kfsgaqvy,ProgPoW,20.78316432080749
3414244,2025-07-29 19:16:28,Unknown,Stake,88824965.26893258
3414245,2025-07-29 19:16:22,Unknown,Stake,87402207.77788647
3414246,2025-07-29 19:17:19,Unknown,Stake,95096586.89096709
3414247,2025-07-29 19:18:33,Unknown,Stake,95135510.98950224
3414248,2025-07-29 19:18:28,Unknown,Stake,95174402.6020518
3414249,2025-07-29 19:18:14,bv1qf85ldqmp5z3z8x659834z4nlhyx6r0c7qalgt3,ProgPoW,20.35631214623285
3414250,2025-07-29 19:18:34,bv1qf85ldqmp5z3z8x659834z4nlhyx6r0c7qalgt3,ProgPoW,19.72891927551877
3414251,2025-07-29 19:24:16,Unknown,Stake,95157317.25892687
3414252,2025-07-29 19:24:15,bv1qf85ldqmp5z3z8x659834z4nlhyx6r0c7qalgt3,ProgPoW,19.82468869126256
3414253,2025-07-29 19:29:32,Unknown,Stake,87412467.94465515
3414254,2025-07-29 19:30:28,Unknown,Stake,85759874.07474348
3414255,2025-07-29 19:30:31,Unknown,Stake,94986448.0018574
3414256,2025-07-29 19:30:19,bv1qjx2g5rnhx8wa92sy3fem2a030wt64x0ttrxu3n,ProgPoW,19.17393152820382
3414257,2025-07-29 19:31:24,Unknown,Stake,94969013.50939465
3414258,2025-07-29 19:31:38,Unknown,Stake,94940407.89276789
3414259,2025-07-29 19:31:54,Unknown,Stake,94973435.62403204
3414260,2025-07-29 19:31:40,bv1qjx2g5rnhx8wa92sy3fem2a030wt64x0ttrxu3n,ProgPoW,22.20446366768268
3414261,2025-07-29 19:32:43,bv1qmce5q6xy8rk8evnzxz9guvuspzsr074ushd26z,RandomX,0.02699599848738374
3414262,2025-07-29 19:34:03,Unknown,Stake,95006229.79839367
3414263,2025-07-29 19:33:49,bv1qmce5q6xy8rk8evnzxz9guvuspzsr074ushd26z,RandomX,0.02943156459517733
3414264,2025-07-29 19:35:40,Unknown,Stake,94977986.34582472
3414265,2025-07-29 19:37:46,VGFf24bPSfe4ETQftBSbzBKsV5wWKt35Hf,SHA256D,13.49104146713918
3414266,2025-07-29 19:38:22,Unknown,Stake,86849917.50507732
3414267,2025-07-29 19:40:08,Unknown,Stake,86732298.91136083
3414268,2025-07-29 19:40:31,Unknown,Stake,94862910.24675351
3414269,2025-07-29 19:40:35,Unknown,Stake,94830151.02419145
3414270,2025-07-29 19:41:19,Unknown,Stake,94857986.92857613
3414271,2025-07-29 19:43:55,Unknown,Stake,94828777.22934344
3414272,2025-07-29 19:44:45,Unknown,Stake,87410703.45876859
3414273,2025-07-29 19:47:18,Unknown,Stake,94755735.92591383
3414274,2025-07-29 19:48:04,Unknown,Stake,85605334.34368084
3414275,2025-07-29 19:48:31,bv1qg7jqg468qsplnnngwpc8ur29mmkdh3kfsgaqvy,ProgPoW,18.29105712684606
3414276,2025-07-29 19:51:01,Unknown,Stake,94665579.35428323
3414277,2025-07-29 19:50:47,VHU81LE2bTUe5AWSHSrDHcocqRWCK4dCRo,RandomX,0.02706090903347525
3414278,2025-07-29 19:55:21,VGFf24bPSfe4ETQftBSbzBKsV5wWKt35Hf,SHA256D,14.53552404947479
3414279,2025-07-29 19:57:16,Unknown,Stake,85955875.99179746
3414280,2025-07-29 19:59:19,Unknown,Stake,85328613.57128803
3414281,2025-07-29 20:00:19,Unknown,Stake,84899184.68487208
3414282,2025-07-29 20:00:05,bv1qjx2g5rnhx8wa92sy3fem2a030wt64x0ttrxu3n,ProgPoW,17.48082543618812
3414283,2025-07-29 20:00:05,bv1qf85ldqmp5z3z8x659834z4nlhyx6r0c7qalgt3,ProgPoW,16.88551698872048
3414284,2025-07-29 20:00:21,Unknown,Stake,94459493.37703197
3414285,2025-07-29 20:00:16,bv1qf85ldqmp5z3z8x659834z4nlhyx6r0c7qalgt3,ProgPoW,21.94225447164254
3414286,2025-07-29 20:03:07,bv1qjx2g5rnhx8wa92sy3fem2a030wt64x0ttrxu3n,ProgPoW,21.92823019664482
3414287,2025-07-29 20:05:23,Unknown,Stake,85642607.58649208
3414288,2025-07-29 20:05:09,bv1qf85ldqmp5z3z8x659834z4nlhyx6r0c7qalgt3,ProgPoW,21.90738470096486
3414289,2025-07-29 20:05:57,bv1qjx2g5rnhx8wa92sy3fem2a030wt64x0ttrxu3n,ProgPoW,21.93872520494456
3414290,2025-07-29 20:08:54,VHU81LE2bTUe5AWSHSrDHcocqRWCK4dCRo,RandomX,0.02713155668936634
3414291,2025-07-29 20:10:54,bv1qjx2g5rnhx8wa92sy3fem2a030wt64x0ttrxu3n,ProgPoW,18.83847293135063
3414292,2025-07-29 20:12:18,Unknown,Stake,84859255.15761648
3414293,2025-07-29 20:13:00,Unknown,Stake,84084978.51154384
3414294,2025-07-29 20:12:46,bv1qmce5q6xy8rk8evnzxz9guvuspzsr074ushd26z,RandomX,0.02854943515377096
3414295,2025-07-29 20:13:53,bv1qjx2g5rnhx8wa92sy3fem2a030wt64x0ttrxu3n,ProgPoW,21.8750211879324
3414296,2025-07-29 20:14:08,bv1qzggn4kvtxdxhzr3yueamu2lqrtvxytaeye8mcm,ProgPoW,18.57868357581543
3414297,2025-07-29 20:22:08,Unknown,Stake,94179905.95194016
3414298,2025-07-29 20:22:07,Unknown,Stake,82690157.74264964
3414299,2025-07-29 20:22:01,bv1qf85ldqmp5z3z8x659834z4nlhyx6r0c7qalgt3,ProgPoW,18.29929680009686
3414300,2025-07-29 20:22:46,Unknown,Stake,94102323.02937402
3414301,2025-07-29 20:23:50,Unknown,Stake,94117017.4415026
3414302,2025-07-29 20:23:36,bv1qf85ldqmp5z3z8x659834z4nlhyx6r0c7qalgt3,ProgPoW,21.74133234499042
3414303,2025-07-29 20:24:40,bv1qf85ldqmp5z3z8x659834z4nlhyx6r0c7qalgt3,ProgPoW,21.72854856006092
3414304,2025-07-29 20:26:23,Unknown,Stake,94131622.0027276
3414305,2025-07-29 20:26:52,Unknown,Stake,81785854.99044764
3414306,2025-07-29 20:26:46,Unknown,Stake,93972726.62251213
3414307,2025-07-29 20:26:41,bv1qjx2g5rnhx8wa92sy3fem2a030wt64x0ttrxu3n,ProgPoW,21.70973815485549
3414308,2025-07-29 20:28:07,Unknown,Stake,93984681.65370166
3414309,2025-07-29 20:29:36,Unknown,Stake,93939952.18187334
3414310,2025-07-29 20:29:41,Unknown,Stake,93892916.14851503
3414311,2025-07-29 20:30:12,bv1qg7jqg468qsplnnngwpc8ur29mmkdh3kfsgaqvy,ProgPoW,17.86463014153736
3414312,2025-07-29 20:29:59,bv1qzggn4kvtxdxhzr3yueamu2lqrtvxytaeye8mcm,ProgPoW,17.61525223879186
3414313,2025-07-29 20:30:25,bv1qjx2g5rnhx8wa92sy3fem2a030wt64x0ttrxu3n,ProgPoW,21.49197747929517
3414314,2025-07-29 20:34:15,Unknown,Stake,93844456.61345926
3414315,2025-07-29 20:34:09,bv1qf85ldqmp5z3z8x659834z4nlhyx6r0c7qalgt3,ProgPoW,17.79812756928789
3414316,2025-07-29 20:34:17,bv1qjx2g5rnhx8wa92sy3fem2a030wt64x0ttrxu3n,ProgPoW,17.81428586597577
3414317,2025-07-29 20:34:54,bv1qf85ldqmp5z3z8x659834z4nlhyx6r0c7qalgt3,ProgPoW,21.36667036002613
3414318,2025-07-29 20:35:36,bv1qmce5q6xy8rk8evnzxz9guvuspzsr074ushd26z,RandomX,0.0271920095697949
3414319,2025-07-29 20:37:32,Unknown,Stake,81903967.05091146
3414320,2025-07-29 20:37:26,bv1qf85ldqmp5z3z8x659834z4nlhyx6r0c7qalgt3,ProgPoW,21.36892919463515
3414321,2025-07-29 20:39:14,Unknown,Stake,81229589.62327766
3414322,2025-07-29 20:39:37,Unknown,Stake,93505237.58397163
3414323,2025-07-29 20:40:23,VGFf24bPSfe4ETQftBSbzBKsV5wWKt35Hf,SHA256D,13.84710618973808
3414324,2025-07-29 20:41:00,Unknown,Stake,93509462.29726349
3414325,2025-07-29 20:41:07,Unknown,Stake,93436577.42295991
3414326,2025-07-29 20:41:36,bv1qg7jqg468qsplnnngwpc8ur29mmkdh3kfsgaqvy,ProgPoW,17.78286557406241
3414327,2025-07-29 20:41:43,Unknown,Stake,93439151.9101616
3414328,2025-07-29 20:41:43,VGFf24bPSfe4ETQftBSbzBKsV5wWKt35Hf,SHA256D,14.50718097226101
3414329,2025-07-29 20:42:31,Unknown,Stake,93441416.3354468
3414330,2025-07-29 20:43:52,Unknown,Stake,93443587.80524129
3414331,2025-07-29 20:44:05,Unknown,Stake,93445666.3065762
3414332,2025-07-29 20:43:55,VGFf24bPSfe4ETQftBSbzBKsV5wWKt35Hf,SHA256D,14.49439687458693
3414333,2025-07-29 20:50:11,Unknown,Stake,93447651.82703711
3414334,2025-07-29 20:49:57,bv1qjx2g5rnhx8wa92sy3fem2a030wt64x0ttrxu3n,ProgPoW,17.14045768615019
3414335,2025-07-29 20:51:38,Unknown,Stake,82737215.03198133
3414336,2025-07-29 20:53:32,Unknown,Stake,93241485.07032101
3414337,2025-07-29 20:53:59,Unknown,Stake,93240064.25898726
3414338,2025-07-29 20:53:59,bv1qf85ldqmp5z3z8x659834z4nlhyx6r0c7qalgt3,ProgPoW,16.87987660767701
3414339,2025-07-29 20:54:25,bv1qf85ldqmp5z3z8x659834z4nlhyx6r0c7qalgt3,ProgPoW,16.47346927553679
3414340,2025-07-29 20:55:31,bv1qjx2g5rnhx8wa92sy3fem2a030wt64x0ttrxu3n,ProgPoW,20.84003801076972
3414341,2025-07-29 20:56:08,bv1qf85ldqmp5z3z8x659834z4nlhyx6r0c7qalgt3,ProgPoW,20.79455029524192
3414342,2025-07-29 20:56:56,bv1qf85ldqmp5z3z8x659834z4nlhyx6r0c7qalgt3,ProgPoW,20.74520690230798
3414343,2025-07-29 20:57:09,Unknown,Stake,83115266.67376149
3414344,2025-07-29 20:57:07,bv1qjx2g5rnhx8wa92sy3fem2a030wt64x0ttrxu3n,ProgPoW,20.6916557310732
3414345,2025-07-29 20:59:02,bv1qzggn4kvtxdxhzr3yueamu2lqrtvxytaeye8mcm,ProgPoW,20.67556526122111
3414346,2025-07-29 21:01:44,Unknown,Stake,84555946.94300966
3414347,2025-07-29 21:01:30,bv1qf85ldqmp5z3z8x659834z4nlhyx6r0c7qalgt3,ProgPoW,20.65792260371467
3414348,2025-07-29 21:02:15,Unknown,Stake,83768144.23768704
3414349,2025-07-29 21:02:02,bv1qf85ldqmp5z3z8x659834z4nlhyx6r0c7qalgt3,ProgPoW,20.63878654422212
3414350,2025-07-29 21:04:54,Unknown,Stake,92896453.97049446
3414351,2025-07-29 21:04:51,Unknown,Stake,82949563.9885833
3414352,2025-07-29 21:04:45,bv1qjx2g5rnhx8wa92sy3fem2a030wt64x0ttrxu3n,ProgPoW,20.61808944563175
3414353,2025-07-29 21:05:01,bv1qf85ldqmp5z3z8x659834z4nlhyx6r0c7qalgt3,ProgPoW,20.56650264421839
3414354,2025-07-29 21:06:15,Unknown,Stake,92726788.13110529
3414355,2025-07-29 21:06:13,Unknown,Stake,92685231.46336411
3414356,2025-07-29 21:08:05,Unknown,Stake,92637827.27132283
3414357,2025-07-29 21:08:05,Unknown,Stake,92628772.91554008
3414358,2025-07-29 21:07:59,VHU81LE2bTUe5AWSHSrDHcocqRWCK4dCRo,RandomX,0.0271556830523427
3414359,2025-07-29 21:08:08,bv1qf85ldqmp5z3z8x659834z4nlhyx6r0c7qalgt3,ProgPoW,18.81656247266169
3414360,2025-07-29 21:08:33,Unknown,Stake,92619537.46722522
3414361,2025-07-29 21:10:53,Unknown,Stake,92570739.0556538
3414362,2025-07-29 21:12:02,Unknown,Stake,83681079.07313924
3414363,2025-07-29 21:13:02,Unknown,Stake,92390127.74909283
3414364,2025-07-29 21:12:53,bv1qf85ldqmp5z3z8x659834z4nlhyx6r0c7qalgt3,ProgPoW,18.41028353462485
3414365,2025-07-29 21:18:45,Unknown,Stake,92329818.00876814
3414366,2025-07-29 21:18:40,bv1qmce5q6xy8rk8evnzxz9guvuspzsr074ushd26z,RandomX,0.0267280335410617
3414367,2025-07-29 21:19:50,Unknown,Stake,82962888.80734983
3414368,2025-07-29 21:19:48,bv1qjx2g5rnhx8wa92sy3fem2a030wt64x0ttrxu3n,ProgPoW,18.18522372528616
3414369,2025-07-29 21:21:03,Unknown,Stake,92215718.0596054
3414370,2025-07-29 21:20:59,bv1qf85ldqmp5z3z8x659834z4nlhyx6r0c7qalgt3,ProgPoW,20.35732486858774
3414371,2025-07-29 21:21:44,Unknown,Stake,92200705.23471536
3414372,2025-07-29 21:21:30,bv1qzggn4kvtxdxhzr3yueamu2lqrtvxytaeye8mcm,ProgPoW,20.32942545031536
3414373,2025-07-29 21:24:25,Unknown,Stake,92185184.03368402
3414374,2025-07-29 21:24:12,bv1qjx2g5rnhx8wa92sy3fem2a030wt64x0ttrxu3n,ProgPoW,18.68004569535097
3414375,2025-07-29 21:24:20,bv1qf85ldqmp5z3z8x659834z4nlhyx6r0c7qalgt3,ProgPoW,20.2174675383364
3414376,2025-07-29 21:26:21,bv1qf85ldqmp5z3z8x659834z4nlhyx6r0c7qalgt3,ProgPoW,20.15754086306248
3414377,2025-07-29 21:27:36,bv1qf85ldqmp5z3z8x659834z4nlhyx6r0c7qalgt3,ProgPoW,20.12274942397488
3414378,2025-07-29 21:31:11,bv1qjx2g5rnhx8wa92sy3fem2a030wt64x0ttrxu3n,ProgPoW,20.08641837845216
3414379,2025-07-29 21:39:40,Unknown,Stake,81443921.60874721
3414380,2025-07-29 21:39:26,bv1qmce5q6xy8rk8evnzxz9guvuspzsr074ushd26z,RandomX,0.02678321838366434
3414381,2025-07-29 21:41:23,VHU81LE2bTUe5AWSHSrDHcocqRWCK4dCRo,RandomX,0.02649021880957116
3414382,2025-07-29 21:41:29,bv1qf85ldqmp5z3z8x659834z4nlhyx6r0c7qalgt3,ProgPoW,17.88910795228565
3414383,2025-07-29 21:42:13,bv1qf85ldqmp5z3z8x659834z4nlhyx6r0c7qalgt3,ProgPoW,17.58296302506917
3414384,2025-07-29 21:46:35,Unknown,Stake,79383178.30426638
3414385,2025-07-29 21:46:24,Unknown,Stake,78203092.42605704
3414386,2025-07-29 21:46:19,bv1qjx2g5rnhx8wa92sy3fem2a030wt64x0ttrxu3n,ProgPoW,18.28310380865303
3414387,2025-07-29 21:46:44,VLWWMuiT12oiDVkaAWhfm2B2nAfg6ye653,SHA256D,14.12916803871319
3414388,2025-07-29 21:47:10,bv1qf85ldqmp5z3z8x659834z4nlhyx6r0c7qalgt3,ProgPoW,19.76871828831737
3414389,2025-07-29 21:47:47,Unknown,Stake,91713836.62593475
3414390,2025-07-29 21:49:29,Unknown,Stake,91649362.74863414
3414391,2025-07-29 21:49:15,bv1qf85ldqmp5z3z8x659834z4nlhyx6r0c7qalgt3,ProgPoW,19.72393247502613
3414392,2025-07-29 21:49:47,Unknown,Stake,91581046.03390315
3414393,2025-07-29 21:49:33,bv1qzggn4kvtxdxhzr3yueamu2lqrtvxytaeye8mcm,ProgPoW,19.6833896292681
3414394,2025-07-29 21:49:35,Unknown,Stake,91557750.41241385
3414395,2025-07-29 21:49:35,bv1qf85ldqmp5z3z8x659834z4nlhyx6r0c7qalgt3,ProgPoW,20.09139769493864
3414396,2025-07-29 21:49:42,bv1qjx2g5rnhx8wa92sy3fem2a030wt64x0ttrxu3n,ProgPoW,20.26530863690501
3414397,2025-07-29 21:49:50,bv1qjx2g5rnhx8wa92sy3fem2a030wt64x0ttrxu3n,ProgPoW,20.38606885858642
3414398,2025-07-29 21:51:04,bv1qf85ldqmp5z3z8x659834z4nlhyx6r0c7qalgt3,ProgPoW,20.85407828284398
3414399,2025-07-29 21:51:56,Unknown,Stake,91533841.535119
3414400,2025-07-29 21:53:45,Unknown,Stake,83959244.87373482
3414401,2025-07-29 21:54:33,Unknown,Stake,91369438.37921326
3414402,2025-07-29 21:56:36,Unknown,Stake,91342989.4639117
3414403,2025-07-29 21:56:36,Unknown,Stake,81899534.37326801
3414404,2025-07-29 21:56:36,Unknown,Stake,91142541.94802423
3414405,2025-07-29 21:56:51,Unknown,Stake,91079340.06496267
3414406,2025-07-29 21:56:37,bv1qf85ldqmp5z3z8x659834z4nlhyx6r0c7qalgt3,ProgPoW,19.62313938228544
3414407,2025-07-29 21:59:39,Unknown,Stake,91048905.87388396
3414408,2025-07-29 21:59:25,VGFf24bPSfe4ETQftBSbzBKsV5wWKt35Hf,SHA256D,14.47901069207195
3414409,2025-07-29 22:02:20,Unknown,Stake,85378411.88814536
3414410,2025-07-29 22:05:36,Unknown,Stake,84635680.38940679
3414411,2025-07-29 22:06:50,Unknown,Stake,83059885.40477248
3414412,2025-07-29 22:06:36,bv1qzggn4kvtxdxhzr3yueamu2lqrtvxytaeye8mcm,ProgPoW,19.6049093605281
3414413,2025-07-29 22:07:21,Unknown,Stake,90687174.86738962
3414414,2025-07-29 22:07:13,Unknown,Stake,90641441.70113225
3414415,2025-07-29 22:07:13,bv1qjx2g5rnhx8wa92sy3fem2a030wt64x0ttrxu3n,ProgPoW,20.05537146217957
3414416,2025-07-29 22:08:56,Unknown,Stake,90606749.16549735
3414417,2025-07-29 22:08:42,bv1qf85ldqmp5z3z8x659834z4nlhyx6r0c7qalgt3,ProgPoW,20.68446165037172
3414418,2025-07-29 22:09:01,VHU81LE2bTUe5AWSHSrDHcocqRWCK4dCRo,RandomX,0.02628880743042401
3414419,2025-07-29 22:09:29,Unknown,Stake,90561854.63722096
3414420,2025-07-29 22:12:31,Unknown,Stake,90521109.130418
3414421,2025-07-29 22:12:25,bv1qzggn4kvtxdxhzr3yueamu2lqrtvxytaeye8mcm,ProgPoW,19.61157830505622
3414422,2025-07-29 22:16:28,Unknown,Stake,85693477.5883983
3414423,2025-07-29 22:16:34,Unknown,Stake,85684790.73331597
3414424,2025-07-29 22:16:19,bv1qjx2g5rnhx8wa92sy3fem2a030wt64x0ttrxu3n,ProgPoW,19.6190318042606
3414425,2025-07-29 22:18:55,bv1qf85ldqmp5z3z8x659834z4nlhyx6r0c7qalgt3,ProgPoW,19.58102094195008
3414426,2025-07-29 22:20:22,Unknown,Stake,85273706.13388124
3414427,2025-07-29 22:21:15,Unknown,Stake,85040107.98752092
3414428,2025-07-29 22:21:45,Unknown,Stake,90180075.12585996
3414429,2025-07-29 22:22:15,bv1qg7jqg468qsplnnngwpc8ur29mmkdh3kfsgaqvy,ProgPoW,24.28740184837746
3414430,2025-07-29 22:24:58,Unknown,Stake,90140740.44268037
3414431,2025-07-29 22:27:33,Unknown,Stake,84081436.87092468
3414432,2025-07-29 22:27:53,Unknown,Stake,84304765.69021496
3414433,2025-07-29 22:28:34,VGFf24bPSfe4ETQftBSbzBKsV5wWKt35Hf,SHA256D,14.33298533806516
3414434,2025-07-29 22:28:35,bv1qf85ldqmp5z3z8x659834z4nlhyx6r0c7qalgt3,ProgPoW,19.70729713252681
3414435,2025-07-29 22:33:46,Unknown,Stake,89953750.24555618
3414436,2025-07-29 22:33:44,bv1qmce5q6xy8rk8evnzxz9guvuspzsr074ushd26z,RandomX,0.02530514057124323
3414437,2025-07-29 22:34:42,bv1qjx2g5rnhx8wa92sy3fem2a030wt64x0ttrxu3n,ProgPoW,19.76233779695996
3414438,2025-07-29 22:36:20,Unknown,Stake,83293265.07309708
3414439,2025-07-29 22:36:06,bv1qzggn4kvtxdxhzr3yueamu2lqrtvxytaeye8mcm,ProgPoW,22.38707025849875
3414440,2025-07-29 22:37:18,Unknown,Stake,83221329.62903962
3414441,2025-07-29 22:37:10,VGFf24bPSfe4ETQftBSbzBKsV5wWKt35Hf,SHA256D,14.47307761321757
3414442,2025-07-29 22:38:58,Unknown,Stake,89742290.60316607
3414443,2025-07-29 22:38:51,bv1qjx2g5rnhx8wa92sy3fem2a030wt64x0ttrxu3n,ProgPoW,22.48789615625888
3414444,2025-07-29 22:42:19,Unknown,Stake,89717890.47710665
3414445,2025-07-29 22:42:36,Unknown,Stake,83407444.3173938
3414446,2025-07-29 22:42:29,bv1qf85ldqmp5z3z8x659834z4nlhyx6r0c7qalgt3,ProgPoW,19.74340688437776
3414447,2025-07-29 22:46:03,bv1qf85ldqmp5z3z8x659834z4nlhyx6r0c7qalgt3,ProgPoW,19.71051543291101
3414448,2025-07-29 22:48:17,Unknown,Stake,83219016.75533248
3414449,2025-07-29 22:49:31,Unknown,Stake,83649346.35071361
3414450,2025-07-29 22:49:19,bv1qf85ldqmp5z3z8x659834z4nlhyx6r0c7qalgt3,ProgPoW,19.72574134843641
3414451,2025-07-29 22:50:22,bv1qf85ldqmp5z3z8x659834z4nlhyx6r0c7qalgt3,ProgPoW,19.69348659003832
3414452,2025-07-29 22:51:30,Unknown,Stake,85135587.40096778
3414453,2025-07-29 22:51:53,bv1qg7jqg468qsplnnngwpc8ur29mmkdh3kfsgaqvy,ProgPoW,22.85589729058134
3414454,2025-07-29 22:52:33,bv1qf85ldqmp5z3z8x659834z4nlhyx6r0c7qalgt3,ProgPoW,22.94831180342399
3414455,2025-07-29 22:53:59,bv1qjx2g5rnhx8wa92sy3fem2a030wt64x0ttrxu3n,ProgPoW,23.02876234348448
3414456,2025-07-29 22:54:46,Unknown,Stake,84959380.2792693
3414457,2025-07-29 22:54:32,VHU81LE2bTUe5AWSHSrDHcocqRWCK4dCRo,RandomX,0.02461287350744433
3414458,2025-07-29 22:57:43,Unknown,Stake,85409941.1576058
3414459,2025-07-29 22:57:28,bv1qjx2g5rnhx8wa92sy3fem2a030wt64x0ttrxu3n,ProgPoW,19.81682065480592
3414460,2025-07-29 22:58:59,Unknown,Stake,84970306.12220033
3414461,2025-07-29 22:58:45,bv1qjx2g5rnhx8wa92sy3fem2a030wt64x0ttrxu3n,ProgPoW,23.11143438083745
3414462,2025-07-29 23:00:48,Unknown,Stake,89197623.18028511
3414463,2025-07-29 23:01:20,Unknown,Stake,89151064.15755822
3414464,2025-07-29 23:01:52,Unknown,Stake,89150160.57991965
3414465,2025-07-29 23:02:34,Unknown,Stake,89103566.45867127
3414466,2025-07-29 23:03:49,Unknown,Stake,89101394.57205509
3414467,2025-07-29 23:03:35,bv1qjx2g5rnhx8wa92sy3fem2a030wt64x0ttrxu3n,ProgPoW,19.87134584657441
3414468,2025-07-29 23:04:50,Unknown,Stake,89103707.49393067
3414469,2025-07-29 23:05:17,Unknown,Stake,89118180.0847645
3414470,2025-07-29 23:05:07,VGFf24bPSfe4ETQftBSbzBKsV5wWKt35Hf,SHA256D,14.06691295212191
3414471,2025-07-29 23:05:26,VGFf24bPSfe4ETQftBSbzBKsV5wWKt35Hf,SHA256D,14.10667859533235
3414472,2025-07-29 23:06:43,bv1qg7jqg468qsplnnngwpc8ur29mmkdh3kfsgaqvy,ProgPoW,22.36245199798995
3414473,2025-07-29 23:06:29,VPi4AbN1R1G3MGaEn8e6jZTGJNfUMf5bUT,SHA256D,14.44251517470604
3414474,2025-07-29 23:07:57,VGFf24bPSfe4ETQftBSbzBKsV5wWKt35Hf,SHA256D,14.67555290410789
3414475,2025-07-29 23:09:03,Unknown,Stake,88139640.80478151
3414476,2025-07-29 23:09:02,bv1qjx2g5rnhx8wa92sy3fem2a030wt64x0ttrxu3n,ProgPoW,22.46389793811534
3414477,2025-07-29 23:09:46,Unknown,Stake,88025442.0786551
3414478,2025-07-29 23:10:11,Unknown,Stake,89157304.99071907
3414479,2025-07-29 23:10:11,bv1qf85ldqmp5z3z8x659834z4nlhyx6r0c7qalgt3,ProgPoW,22.23312434650202
3414480,2025-07-29 23:16:16,Unknown,Stake,91069291.29172355
3414481,2025-07-29 23:16:36,Unknown,Stake,88943722.53978948
3414482,2025-07-29 23:16:58,Unknown,Stake,88971246.72711653
3414483,2025-07-29 23:17:46,Unknown,Stake,88924333.6988699
3414484,2025-07-29 23:21:17,Unknown,Stake,88877189.47791606
3414485,2025-07-29 23:21:03,bv1qmce5q6xy8rk8evnzxz9guvuspzsr074ushd26z,RandomX,0.02364355754095457
3414486,2025-07-29 23:23:09,bv1qjx2g5rnhx8wa92sy3fem2a030wt64x0ttrxu3n,ProgPoW,20.07802888504861
3414487,2025-07-29 23:23:10,bv1qf85ldqmp5z3z8x659834z4nlhyx6r0c7qalgt3,ProgPoW,19.62245084141532
3414488,2025-07-29 23:23:46,bv1qjx2g5rnhx8wa92sy3fem2a030wt64x0ttrxu3n,ProgPoW,21.32343651696461
3414489,2025-07-29 23:27:26,Unknown,Stake,87731650.25099164
3414490,2025-07-29 23:28:37,Unknown,Stake,86344752.29768759
3414491,2025-07-29 23:28:28,bv1qjx2g5rnhx8wa92sy3fem2a030wt64x0ttrxu3n,ProgPoW,20.09260079858009
3414492,2025-07-29 23:31:29,Unknown,Stake,88703505.53796323
3414493,2025-07-29 23:31:44,Unknown,Stake,85948211.87520668
3414494,2025-07-29 23:33:02,Unknown,Stake,88646794.61795236
3414495,2025-07-29 23:33:07,Unknown,Stake,88663102.05236614
3414496,2025-07-29 23:32:57,bv1qjx2g5rnhx8wa92sy3fem2a030wt64x0ttrxu3n,ProgPoW,20.15044710149714
3414497,2025-07-29 23:34:35,Unknown,Stake,88614839.39787264
3414498,2025-07-29 23:34:21,bv1qzggn4kvtxdxhzr3yueamu2lqrtvxytaeye8mcm,ProgPoW,21.93296030957486
3414499,2025-07-29 23:35:47,Unknown,Stake,88566462.04897119
3414500,2025-07-29 23:35:34,VGFf24bPSfe4ETQftBSbzBKsV5wWKt35Hf,SHA256D,14.44016573910379
3414501,2025-07-29 23:37:05,Unknown,Stake,88517525.07000689
3414502,2025-07-29 23:39:51,Unknown,Stake,88468475.30257955
3414503,2025-07-29 23:41:32,Unknown,Stake,87126738.1097874
3414504,2025-07-29 23:41:18,bv1qzggn4kvtxdxhzr3yueamu2lqrtvxytaeye8mcm,ProgPoW,20.31918282221369
3414505,2025-07-29 23:41:24,bv1qmce5q6xy8rk8evnzxz9guvuspzsr074ushd26z,RandomX,0.02341731670102945
3414506,2025-07-29 23:45:40,Unknown,Stake,88417146.7793833
3414507,2025-07-29 23:47:27,Unknown,Stake,86688731.24475193
